A,B,label
/mnt/store_dai/datasrc/dchan/levir-cd/train/A/train_97.png,/mnt/store_dai/datasrc/dchan/levir-cd/train/B/train_97.png,/mnt/store_dai/datasrc/dchan/levir-cd/train/label/train_97.png
/mnt/store_dai/datasrc/dchan/levir-cd/train/A/train_47.png,/mnt/store_dai/datasrc/dchan/levir-cd/train/B/train_47.png,/mnt/store_dai/datasrc/dchan/levir-cd/train/label/train_47.png
/mnt/store_dai/datasrc/dchan/levir-cd/train/A/train_352.png,/mnt/store_dai/datasrc/dchan/levir-cd/train/B/train_352.png,/mnt/store_dai/datasrc/dchan/levir-cd/train/label/train_352.png
/mnt/store_dai/datasrc/dchan/levir-cd/train/A/train_9.png,/mnt/store_dai/datasrc/dchan/levir-cd/train/B/train_9.png,/mnt/store_dai/datasrc/dchan/levir-cd/train/label/train_9.png
/mnt/store_dai/datasrc/dchan/levir-cd/train/A/train_363.png,/mnt/store_dai/datasrc/dchan/levir-cd/train/B/train_363.png,/mnt/store_dai/datasrc/dchan/levir-cd/train/label/train_363.png
/mnt/store_dai/datasrc/dchan/levir-cd/train/A/train_366.png,/mnt/store_dai/datasrc/dchan/levir-cd/train/B/train_366.png,/mnt/store_dai/datasrc/dchan/levir-cd/train/label/train_366.png
/mnt/store_dai/datasrc/dchan/levir-cd/train/A/train_210.png,/mnt/store_dai/datasrc/dchan/levir-cd/train/B/train_210.png,/mnt/store_dai/datasrc/dchan/levir-cd/train/label/train_210.png
/mnt/store_dai/datasrc/dchan/levir-cd/train/A/train_299.png,/mnt/store_dai/datasrc/dchan/levir-cd/train/B/train_299.png,/mnt/store_dai/datasrc/dchan/levir-cd/train/label/train_299.png
/mnt/store_dai/datasrc/dchan/levir-cd/train/A/train_429.png,/mnt/store_dai/datasrc/dchan/levir-cd/train/B/train_429.png,/mnt/store_dai/datasrc/dchan/levir-cd/train/label/train_429.png
/mnt/store_dai/datasrc/dchan/levir-cd/train/A/train_65.png,/mnt/store_dai/datasrc/dchan/levir-cd/train/B/train_65.png,/mnt/store_dai/datasrc/dchan/levir-cd/train/label/train_65.png
/mnt/store_dai/datasrc/dchan/levir-cd/train/A/train_280.png,/mnt/store_dai/datasrc/dchan/levir-cd/train/B/train_280.png,/mnt/store_dai/datasrc/dchan/levir-cd/train/label/train_280.png
/mnt/store_dai/datasrc/dchan/levir-cd/train/A/train_158.png,/mnt/store_dai/datasrc/dchan/levir-cd/train/B/train_158.png,/mnt/store_dai/datasrc/dchan/levir-cd/train/label/train_158.png
/mnt/store_dai/datasrc/dchan/levir-cd/train/A/train_444.png,/mnt/store_dai/datasrc/dchan/levir-cd/train/B/train_444.png,/mnt/store_dai/datasrc/dchan/levir-cd/train/label/train_444.png
/mnt/store_dai/datasrc/dchan/levir-cd/train/A/train_184.png,/mnt/store_dai/datasrc/dchan/levir-cd/train/B/train_184.png,/mnt/store_dai/datasrc/dchan/levir-cd/train/label/train_184.png
/mnt/store_dai/datasrc/dchan/levir-cd/train/A/train_62.png,/mnt/store_dai/datasrc/dchan/levir-cd/train/B/train_62.png,/mnt/store_dai/datasrc/dchan/levir-cd/train/label/train_62.png
/mnt/store_dai/datasrc/dchan/levir-cd/train/A/train_375.png,/mnt/store_dai/datasrc/dchan/levir-cd/train/B/train_375.png,/mnt/store_dai/datasrc/dchan/levir-cd/train/label/train_375.png
/mnt/store_dai/datasrc/dchan/levir-cd/train/A/train_156.png,/mnt/store_dai/datasrc/dchan/levir-cd/train/B/train_156.png,/mnt/store_dai/datasrc/dchan/levir-cd/train/label/train_156.png
/mnt/store_dai/datasrc/dchan/levir-cd/train/A/train_409.png,/mnt/store_dai/datasrc/dchan/levir-cd/train/B/train_409.png,/mnt/store_dai/datasrc/dchan/levir-cd/train/label/train_409.png
/mnt/store_dai/datasrc/dchan/levir-cd/train/A/train_24.png,/mnt/store_dai/datasrc/dchan/levir-cd/train/B/train_24.png,/mnt/store_dai/datasrc/dchan/levir-cd/train/label/train_24.png
/mnt/store_dai/datasrc/dchan/levir-cd/train/A/train_138.png,/mnt/store_dai/datasrc/dchan/levir-cd/train/B/train_138.png,/mnt/store_dai/datasrc/dchan/levir-cd/train/label/train_138.png
/mnt/store_dai/datasrc/dchan/levir-cd/train/A/train_319.png,/mnt/store_dai/datasrc/dchan/levir-cd/train/B/train_319.png,/mnt/store_dai/datasrc/dchan/levir-cd/train/label/train_319.png
/mnt/store_dai/datasrc/dchan/levir-cd/train/A/train_251.png,/mnt/store_dai/datasrc/dchan/levir-cd/train/B/train_251.png,/mnt/store_dai/datasrc/dchan/levir-cd/train/label/train_251.png
/mnt/store_dai/datasrc/dchan/levir-cd/train/A/train_443.png,/mnt/store_dai/datasrc/dchan/levir-cd/train/B/train_443.png,/mnt/store_dai/datasrc/dchan/levir-cd/train/label/train_443.png
/mnt/store_dai/datasrc/dchan/levir-cd/train/A/train_26.png,/mnt/store_dai/datasrc/dchan/levir-cd/train/B/train_26.png,/mnt/store_dai/datasrc/dchan/levir-cd/train/label/train_26.png
/mnt/store_dai/datasrc/dchan/levir-cd/train/A/train_377.png,/mnt/store_dai/datasrc/dchan/levir-cd/train/B/train_377.png,/mnt/store_dai/datasrc/dchan/levir-cd/train/label/train_377.png
/mnt/store_dai/datasrc/dchan/levir-cd/train/A/train_133.png,/mnt/store_dai/datasrc/dchan/levir-cd/train/B/train_133.png,/mnt/store_dai/datasrc/dchan/levir-cd/train/label/train_133.png
/mnt/store_dai/datasrc/dchan/levir-cd/train/A/train_388.png,/mnt/store_dai/datasrc/dchan/levir-cd/train/B/train_388.png,/mnt/store_dai/datasrc/dchan/levir-cd/train/label/train_388.png
/mnt/store_dai/datasrc/dchan/levir-cd/train/A/train_385.png,/mnt/store_dai/datasrc/dchan/levir-cd/train/B/train_385.png,/mnt/store_dai/datasrc/dchan/levir-cd/train/label/train_385.png
/mnt/store_dai/datasrc/dchan/levir-cd/train/A/train_4.png,/mnt/store_dai/datasrc/dchan/levir-cd/train/B/train_4.png,/mnt/store_dai/datasrc/dchan/levir-cd/train/label/train_4.png
/mnt/store_dai/datasrc/dchan/levir-cd/train/A/train_117.png,/mnt/store_dai/datasrc/dchan/levir-cd/train/B/train_117.png,/mnt/store_dai/datasrc/dchan/levir-cd/train/label/train_117.png
/mnt/store_dai/datasrc/dchan/levir-cd/train/A/train_241.png,/mnt/store_dai/datasrc/dchan/levir-cd/train/B/train_241.png,/mnt/store_dai/datasrc/dchan/levir-cd/train/label/train_241.png
/mnt/store_dai/datasrc/dchan/levir-cd/train/A/train_149.png,/mnt/store_dai/datasrc/dchan/levir-cd/train/B/train_149.png,/mnt/store_dai/datasrc/dchan/levir-cd/train/label/train_149.png
/mnt/store_dai/datasrc/dchan/levir-cd/train/A/train_369.png,/mnt/store_dai/datasrc/dchan/levir-cd/train/B/train_369.png,/mnt/store_dai/datasrc/dchan/levir-cd/train/label/train_369.png
/mnt/store_dai/datasrc/dchan/levir-cd/train/A/train_121.png,/mnt/store_dai/datasrc/dchan/levir-cd/train/B/train_121.png,/mnt/store_dai/datasrc/dchan/levir-cd/train/label/train_121.png
/mnt/store_dai/datasrc/dchan/levir-cd/train/A/train_312.png,/mnt/store_dai/datasrc/dchan/levir-cd/train/B/train_312.png,/mnt/store_dai/datasrc/dchan/levir-cd/train/label/train_312.png
/mnt/store_dai/datasrc/dchan/levir-cd/train/A/train_165.png,/mnt/store_dai/datasrc/dchan/levir-cd/train/B/train_165.png,/mnt/store_dai/datasrc/dchan/levir-cd/train/label/train_165.png
/mnt/store_dai/datasrc/dchan/levir-cd/train/A/train_107.png,/mnt/store_dai/datasrc/dchan/levir-cd/train/B/train_107.png,/mnt/store_dai/datasrc/dchan/levir-cd/train/label/train_107.png
/mnt/store_dai/datasrc/dchan/levir-cd/train/A/train_33.png,/mnt/store_dai/datasrc/dchan/levir-cd/train/B/train_33.png,/mnt/store_dai/datasrc/dchan/levir-cd/train/label/train_33.png
/mnt/store_dai/datasrc/dchan/levir-cd/train/A/train_50.png,/mnt/store_dai/datasrc/dchan/levir-cd/train/B/train_50.png,/mnt/store_dai/datasrc/dchan/levir-cd/train/label/train_50.png
/mnt/store_dai/datasrc/dchan/levir-cd/train/A/train_303.png,/mnt/store_dai/datasrc/dchan/levir-cd/train/B/train_303.png,/mnt/store_dai/datasrc/dchan/levir-cd/train/label/train_303.png
/mnt/store_dai/datasrc/dchan/levir-cd/train/A/train_348.png,/mnt/store_dai/datasrc/dchan/levir-cd/train/B/train_348.png,/mnt/store_dai/datasrc/dchan/levir-cd/train/label/train_348.png
/mnt/store_dai/datasrc/dchan/levir-cd/train/A/train_132.png,/mnt/store_dai/datasrc/dchan/levir-cd/train/B/train_132.png,/mnt/store_dai/datasrc/dchan/levir-cd/train/label/train_132.png
/mnt/store_dai/datasrc/dchan/levir-cd/train/A/train_192.png,/mnt/store_dai/datasrc/dchan/levir-cd/train/B/train_192.png,/mnt/store_dai/datasrc/dchan/levir-cd/train/label/train_192.png
/mnt/store_dai/datasrc/dchan/levir-cd/train/A/train_440.png,/mnt/store_dai/datasrc/dchan/levir-cd/train/B/train_440.png,/mnt/store_dai/datasrc/dchan/levir-cd/train/label/train_440.png
/mnt/store_dai/datasrc/dchan/levir-cd/train/A/train_288.png,/mnt/store_dai/datasrc/dchan/levir-cd/train/B/train_288.png,/mnt/store_dai/datasrc/dchan/levir-cd/train/label/train_288.png
/mnt/store_dai/datasrc/dchan/levir-cd/train/A/train_215.png,/mnt/store_dai/datasrc/dchan/levir-cd/train/B/train_215.png,/mnt/store_dai/datasrc/dchan/levir-cd/train/label/train_215.png
/mnt/store_dai/datasrc/dchan/levir-cd/train/A/train_283.png,/mnt/store_dai/datasrc/dchan/levir-cd/train/B/train_283.png,/mnt/store_dai/datasrc/dchan/levir-cd/train/label/train_283.png
/mnt/store_dai/datasrc/dchan/levir-cd/train/A/train_173.png,/mnt/store_dai/datasrc/dchan/levir-cd/train/B/train_173.png,/mnt/store_dai/datasrc/dchan/levir-cd/train/label/train_173.png
/mnt/store_dai/datasrc/dchan/levir-cd/train/A/train_237.png,/mnt/store_dai/datasrc/dchan/levir-cd/train/B/train_237.png,/mnt/store_dai/datasrc/dchan/levir-cd/train/label/train_237.png
/mnt/store_dai/datasrc/dchan/levir-cd/train/A/train_170.png,/mnt/store_dai/datasrc/dchan/levir-cd/train/B/train_170.png,/mnt/store_dai/datasrc/dchan/levir-cd/train/label/train_170.png
/mnt/store_dai/datasrc/dchan/levir-cd/train/A/train_407.png,/mnt/store_dai/datasrc/dchan/levir-cd/train/B/train_407.png,/mnt/store_dai/datasrc/dchan/levir-cd/train/label/train_407.png
/mnt/store_dai/datasrc/dchan/levir-cd/train/A/train_414.png,/mnt/store_dai/datasrc/dchan/levir-cd/train/B/train_414.png,/mnt/store_dai/datasrc/dchan/levir-cd/train/label/train_414.png
/mnt/store_dai/datasrc/dchan/levir-cd/train/A/train_422.png,/mnt/store_dai/datasrc/dchan/levir-cd/train/B/train_422.png,/mnt/store_dai/datasrc/dchan/levir-cd/train/label/train_422.png
/mnt/store_dai/datasrc/dchan/levir-cd/train/A/train_208.png,/mnt/store_dai/datasrc/dchan/levir-cd/train/B/train_208.png,/mnt/store_dai/datasrc/dchan/levir-cd/train/label/train_208.png
/mnt/store_dai/datasrc/dchan/levir-cd/train/A/train_345.png,/mnt/store_dai/datasrc/dchan/levir-cd/train/B/train_345.png,/mnt/store_dai/datasrc/dchan/levir-cd/train/label/train_345.png
/mnt/store_dai/datasrc/dchan/levir-cd/train/A/train_75.png,/mnt/store_dai/datasrc/dchan/levir-cd/train/B/train_75.png,/mnt/store_dai/datasrc/dchan/levir-cd/train/label/train_75.png
/mnt/store_dai/datasrc/dchan/levir-cd/train/A/train_44.png,/mnt/store_dai/datasrc/dchan/levir-cd/train/B/train_44.png,/mnt/store_dai/datasrc/dchan/levir-cd/train/label/train_44.png
/mnt/store_dai/datasrc/dchan/levir-cd/train/A/train_413.png,/mnt/store_dai/datasrc/dchan/levir-cd/train/B/train_413.png,/mnt/store_dai/datasrc/dchan/levir-cd/train/label/train_413.png
/mnt/store_dai/datasrc/dchan/levir-cd/train/A/train_181.png,/mnt/store_dai/datasrc/dchan/levir-cd/train/B/train_181.png,/mnt/store_dai/datasrc/dchan/levir-cd/train/label/train_181.png
/mnt/store_dai/datasrc/dchan/levir-cd/train/A/train_435.png,/mnt/store_dai/datasrc/dchan/levir-cd/train/B/train_435.png,/mnt/store_dai/datasrc/dchan/levir-cd/train/label/train_435.png
/mnt/store_dai/datasrc/dchan/levir-cd/train/A/train_17.png,/mnt/store_dai/datasrc/dchan/levir-cd/train/B/train_17.png,/mnt/store_dai/datasrc/dchan/levir-cd/train/label/train_17.png
/mnt/store_dai/datasrc/dchan/levir-cd/train/A/train_274.png,/mnt/store_dai/datasrc/dchan/levir-cd/train/B/train_274.png,/mnt/store_dai/datasrc/dchan/levir-cd/train/label/train_274.png
/mnt/store_dai/datasrc/dchan/levir-cd/train/A/train_297.png,/mnt/store_dai/datasrc/dchan/levir-cd/train/B/train_297.png,/mnt/store_dai/datasrc/dchan/levir-cd/train/label/train_297.png
/mnt/store_dai/datasrc/dchan/levir-cd/train/A/train_179.png,/mnt/store_dai/datasrc/dchan/levir-cd/train/B/train_179.png,/mnt/store_dai/datasrc/dchan/levir-cd/train/label/train_179.png
/mnt/store_dai/datasrc/dchan/levir-cd/train/A/train_104.png,/mnt/store_dai/datasrc/dchan/levir-cd/train/B/train_104.png,/mnt/store_dai/datasrc/dchan/levir-cd/train/label/train_104.png
/mnt/store_dai/datasrc/dchan/levir-cd/train/A/train_214.png,/mnt/store_dai/datasrc/dchan/levir-cd/train/B/train_214.png,/mnt/store_dai/datasrc/dchan/levir-cd/train/label/train_214.png
/mnt/store_dai/datasrc/dchan/levir-cd/train/A/train_268.png,/mnt/store_dai/datasrc/dchan/levir-cd/train/B/train_268.png,/mnt/store_dai/datasrc/dchan/levir-cd/train/label/train_268.png
/mnt/store_dai/datasrc/dchan/levir-cd/train/A/train_426.png,/mnt/store_dai/datasrc/dchan/levir-cd/train/B/train_426.png,/mnt/store_dai/datasrc/dchan/levir-cd/train/label/train_426.png
/mnt/store_dai/datasrc/dchan/levir-cd/train/A/train_337.png,/mnt/store_dai/datasrc/dchan/levir-cd/train/B/train_337.png,/mnt/store_dai/datasrc/dchan/levir-cd/train/label/train_337.png
/mnt/store_dai/datasrc/dchan/levir-cd/train/A/train_175.png,/mnt/store_dai/datasrc/dchan/levir-cd/train/B/train_175.png,/mnt/store_dai/datasrc/dchan/levir-cd/train/label/train_175.png
/mnt/store_dai/datasrc/dchan/levir-cd/train/A/train_300.png,/mnt/store_dai/datasrc/dchan/levir-cd/train/B/train_300.png,/mnt/store_dai/datasrc/dchan/levir-cd/train/label/train_300.png
/mnt/store_dai/datasrc/dchan/levir-cd/train/A/train_163.png,/mnt/store_dai/datasrc/dchan/levir-cd/train/B/train_163.png,/mnt/store_dai/datasrc/dchan/levir-cd/train/label/train_163.png
/mnt/store_dai/datasrc/dchan/levir-cd/train/A/train_8.png,/mnt/store_dai/datasrc/dchan/levir-cd/train/B/train_8.png,/mnt/store_dai/datasrc/dchan/levir-cd/train/label/train_8.png
/mnt/store_dai/datasrc/dchan/levir-cd/train/A/train_341.png,/mnt/store_dai/datasrc/dchan/levir-cd/train/B/train_341.png,/mnt/store_dai/datasrc/dchan/levir-cd/train/label/train_341.png
/mnt/store_dai/datasrc/dchan/levir-cd/train/A/train_424.png,/mnt/store_dai/datasrc/dchan/levir-cd/train/B/train_424.png,/mnt/store_dai/datasrc/dchan/levir-cd/train/label/train_424.png
/mnt/store_dai/datasrc/dchan/levir-cd/train/A/train_89.png,/mnt/store_dai/datasrc/dchan/levir-cd/train/B/train_89.png,/mnt/store_dai/datasrc/dchan/levir-cd/train/label/train_89.png
/mnt/store_dai/datasrc/dchan/levir-cd/train/A/train_389.png,/mnt/store_dai/datasrc/dchan/levir-cd/train/B/train_389.png,/mnt/store_dai/datasrc/dchan/levir-cd/train/label/train_389.png
/mnt/store_dai/datasrc/dchan/levir-cd/train/A/train_238.png,/mnt/store_dai/datasrc/dchan/levir-cd/train/B/train_238.png,/mnt/store_dai/datasrc/dchan/levir-cd/train/label/train_238.png
/mnt/store_dai/datasrc/dchan/levir-cd/train/A/train_252.png,/mnt/store_dai/datasrc/dchan/levir-cd/train/B/train_252.png,/mnt/store_dai/datasrc/dchan/levir-cd/train/label/train_252.png
/mnt/store_dai/datasrc/dchan/levir-cd/train/A/train_101.png,/mnt/store_dai/datasrc/dchan/levir-cd/train/B/train_101.png,/mnt/store_dai/datasrc/dchan/levir-cd/train/label/train_101.png
/mnt/store_dai/datasrc/dchan/levir-cd/train/A/train_23.png,/mnt/store_dai/datasrc/dchan/levir-cd/train/B/train_23.png,/mnt/store_dai/datasrc/dchan/levir-cd/train/label/train_23.png
/mnt/store_dai/datasrc/dchan/levir-cd/train/A/train_77.png,/mnt/store_dai/datasrc/dchan/levir-cd/train/B/train_77.png,/mnt/store_dai/datasrc/dchan/levir-cd/train/label/train_77.png
/mnt/store_dai/datasrc/dchan/levir-cd/train/A/train_182.png,/mnt/store_dai/datasrc/dchan/levir-cd/train/B/train_182.png,/mnt/store_dai/datasrc/dchan/levir-cd/train/label/train_182.png
/mnt/store_dai/datasrc/dchan/levir-cd/train/A/train_27.png,/mnt/store_dai/datasrc/dchan/levir-cd/train/B/train_27.png,/mnt/store_dai/datasrc/dchan/levir-cd/train/label/train_27.png
/mnt/store_dai/datasrc/dchan/levir-cd/train/A/train_161.png,/mnt/store_dai/datasrc/dchan/levir-cd/train/B/train_161.png,/mnt/store_dai/datasrc/dchan/levir-cd/train/label/train_161.png
/mnt/store_dai/datasrc/dchan/levir-cd/train/A/train_51.png,/mnt/store_dai/datasrc/dchan/levir-cd/train/B/train_51.png,/mnt/store_dai/datasrc/dchan/levir-cd/train/label/train_51.png
/mnt/store_dai/datasrc/dchan/levir-cd/train/A/train_433.png,/mnt/store_dai/datasrc/dchan/levir-cd/train/B/train_433.png,/mnt/store_dai/datasrc/dchan/levir-cd/train/label/train_433.png
/mnt/store_dai/datasrc/dchan/levir-cd/train/A/train_36.png,/mnt/store_dai/datasrc/dchan/levir-cd/train/B/train_36.png,/mnt/store_dai/datasrc/dchan/levir-cd/train/label/train_36.png
/mnt/store_dai/datasrc/dchan/levir-cd/train/A/train_270.png,/mnt/store_dai/datasrc/dchan/levir-cd/train/B/train_270.png,/mnt/store_dai/datasrc/dchan/levir-cd/train/label/train_270.png
/mnt/store_dai/datasrc/dchan/levir-cd/train/A/train_400.png,/mnt/store_dai/datasrc/dchan/levir-cd/train/B/train_400.png,/mnt/store_dai/datasrc/dchan/levir-cd/train/label/train_400.png
/mnt/store_dai/datasrc/dchan/levir-cd/train/A/train_142.png,/mnt/store_dai/datasrc/dchan/levir-cd/train/B/train_142.png,/mnt/store_dai/datasrc/dchan/levir-cd/train/label/train_142.png
/mnt/store_dai/datasrc/dchan/levir-cd/train/A/train_308.png,/mnt/store_dai/datasrc/dchan/levir-cd/train/B/train_308.png,/mnt/store_dai/datasrc/dchan/levir-cd/train/label/train_308.png
/mnt/store_dai/datasrc/dchan/levir-cd/train/A/train_309.png,/mnt/store_dai/datasrc/dchan/levir-cd/train/B/train_309.png,/mnt/store_dai/datasrc/dchan/levir-cd/train/label/train_309.png
/mnt/store_dai/datasrc/dchan/levir-cd/train/A/train_31.png,/mnt/store_dai/datasrc/dchan/levir-cd/train/B/train_31.png,/mnt/store_dai/datasrc/dchan/levir-cd/train/label/train_31.png
/mnt/store_dai/datasrc/dchan/levir-cd/train/A/train_87.png,/mnt/store_dai/datasrc/dchan/levir-cd/train/B/train_87.png,/mnt/store_dai/datasrc/dchan/levir-cd/train/label/train_87.png
/mnt/store_dai/datasrc/dchan/levir-cd/train/A/train_361.png,/mnt/store_dai/datasrc/dchan/levir-cd/train/B/train_361.png,/mnt/store_dai/datasrc/dchan/levir-cd/train/label/train_361.png
/mnt/store_dai/datasrc/dchan/levir-cd/train/A/train_129.png,/mnt/store_dai/datasrc/dchan/levir-cd/train/B/train_129.png,/mnt/store_dai/datasrc/dchan/levir-cd/train/label/train_129.png
/mnt/store_dai/datasrc/dchan/levir-cd/train/A/train_166.png,/mnt/store_dai/datasrc/dchan/levir-cd/train/B/train_166.png,/mnt/store_dai/datasrc/dchan/levir-cd/train/label/train_166.png
/mnt/store_dai/datasrc/dchan/levir-cd/train/A/train_298.png,/mnt/store_dai/datasrc/dchan/levir-cd/train/B/train_298.png,/mnt/store_dai/datasrc/dchan/levir-cd/train/label/train_298.png
/mnt/store_dai/datasrc/dchan/levir-cd/train/A/train_387.png,/mnt/store_dai/datasrc/dchan/levir-cd/train/B/train_387.png,/mnt/store_dai/datasrc/dchan/levir-cd/train/label/train_387.png
/mnt/store_dai/datasrc/dchan/levir-cd/train/A/train_99.png,/mnt/store_dai/datasrc/dchan/levir-cd/train/B/train_99.png,/mnt/store_dai/datasrc/dchan/levir-cd/train/label/train_99.png
/mnt/store_dai/datasrc/dchan/levir-cd/train/A/train_221.png,/mnt/store_dai/datasrc/dchan/levir-cd/train/B/train_221.png,/mnt/store_dai/datasrc/dchan/levir-cd/train/label/train_221.png
/mnt/store_dai/datasrc/dchan/levir-cd/train/A/train_338.png,/mnt/store_dai/datasrc/dchan/levir-cd/train/B/train_338.png,/mnt/store_dai/datasrc/dchan/levir-cd/train/label/train_338.png
/mnt/store_dai/datasrc/dchan/levir-cd/train/A/train_430.png,/mnt/store_dai/datasrc/dchan/levir-cd/train/B/train_430.png,/mnt/store_dai/datasrc/dchan/levir-cd/train/label/train_430.png
/mnt/store_dai/datasrc/dchan/levir-cd/train/A/train_118.png,/mnt/store_dai/datasrc/dchan/levir-cd/train/B/train_118.png,/mnt/store_dai/datasrc/dchan/levir-cd/train/label/train_118.png
/mnt/store_dai/datasrc/dchan/levir-cd/train/A/train_108.png,/mnt/store_dai/datasrc/dchan/levir-cd/train/B/train_108.png,/mnt/store_dai/datasrc/dchan/levir-cd/train/label/train_108.png
/mnt/store_dai/datasrc/dchan/levir-cd/train/A/train_123.png,/mnt/store_dai/datasrc/dchan/levir-cd/train/B/train_123.png,/mnt/store_dai/datasrc/dchan/levir-cd/train/label/train_123.png
/mnt/store_dai/datasrc/dchan/levir-cd/train/A/train_102.png,/mnt/store_dai/datasrc/dchan/levir-cd/train/B/train_102.png,/mnt/store_dai/datasrc/dchan/levir-cd/train/label/train_102.png
/mnt/store_dai/datasrc/dchan/levir-cd/train/A/train_394.png,/mnt/store_dai/datasrc/dchan/levir-cd/train/B/train_394.png,/mnt/store_dai/datasrc/dchan/levir-cd/train/label/train_394.png
/mnt/store_dai/datasrc/dchan/levir-cd/train/A/train_282.png,/mnt/store_dai/datasrc/dchan/levir-cd/train/B/train_282.png,/mnt/store_dai/datasrc/dchan/levir-cd/train/label/train_282.png
/mnt/store_dai/datasrc/dchan/levir-cd/train/A/train_362.png,/mnt/store_dai/datasrc/dchan/levir-cd/train/B/train_362.png,/mnt/store_dai/datasrc/dchan/levir-cd/train/label/train_362.png
/mnt/store_dai/datasrc/dchan/levir-cd/train/A/train_69.png,/mnt/store_dai/datasrc/dchan/levir-cd/train/B/train_69.png,/mnt/store_dai/datasrc/dchan/levir-cd/train/label/train_69.png
/mnt/store_dai/datasrc/dchan/levir-cd/train/A/train_147.png,/mnt/store_dai/datasrc/dchan/levir-cd/train/B/train_147.png,/mnt/store_dai/datasrc/dchan/levir-cd/train/label/train_147.png
/mnt/store_dai/datasrc/dchan/levir-cd/train/A/train_271.png,/mnt/store_dai/datasrc/dchan/levir-cd/train/B/train_271.png,/mnt/store_dai/datasrc/dchan/levir-cd/train/label/train_271.png
/mnt/store_dai/datasrc/dchan/levir-cd/train/A/train_250.png,/mnt/store_dai/datasrc/dchan/levir-cd/train/B/train_250.png,/mnt/store_dai/datasrc/dchan/levir-cd/train/label/train_250.png
/mnt/store_dai/datasrc/dchan/levir-cd/train/A/train_124.png,/mnt/store_dai/datasrc/dchan/levir-cd/train/B/train_124.png,/mnt/store_dai/datasrc/dchan/levir-cd/train/label/train_124.png
/mnt/store_dai/datasrc/dchan/levir-cd/train/A/train_420.png,/mnt/store_dai/datasrc/dchan/levir-cd/train/B/train_420.png,/mnt/store_dai/datasrc/dchan/levir-cd/train/label/train_420.png
/mnt/store_dai/datasrc/dchan/levir-cd/train/A/train_131.png,/mnt/store_dai/datasrc/dchan/levir-cd/train/B/train_131.png,/mnt/store_dai/datasrc/dchan/levir-cd/train/label/train_131.png
/mnt/store_dai/datasrc/dchan/levir-cd/train/A/train_425.png,/mnt/store_dai/datasrc/dchan/levir-cd/train/B/train_425.png,/mnt/store_dai/datasrc/dchan/levir-cd/train/label/train_425.png
/mnt/store_dai/datasrc/dchan/levir-cd/train/A/train_13.png,/mnt/store_dai/datasrc/dchan/levir-cd/train/B/train_13.png,/mnt/store_dai/datasrc/dchan/levir-cd/train/label/train_13.png
/mnt/store_dai/datasrc/dchan/levir-cd/train/A/train_438.png,/mnt/store_dai/datasrc/dchan/levir-cd/train/B/train_438.png,/mnt/store_dai/datasrc/dchan/levir-cd/train/label/train_438.png
/mnt/store_dai/datasrc/dchan/levir-cd/train/A/train_14.png,/mnt/store_dai/datasrc/dchan/levir-cd/train/B/train_14.png,/mnt/store_dai/datasrc/dchan/levir-cd/train/label/train_14.png
/mnt/store_dai/datasrc/dchan/levir-cd/train/A/train_398.png,/mnt/store_dai/datasrc/dchan/levir-cd/train/B/train_398.png,/mnt/store_dai/datasrc/dchan/levir-cd/train/label/train_398.png
/mnt/store_dai/datasrc/dchan/levir-cd/train/A/train_12.png,/mnt/store_dai/datasrc/dchan/levir-cd/train/B/train_12.png,/mnt/store_dai/datasrc/dchan/levir-cd/train/label/train_12.png
/mnt/store_dai/datasrc/dchan/levir-cd/train/A/train_119.png,/mnt/store_dai/datasrc/dchan/levir-cd/train/B/train_119.png,/mnt/store_dai/datasrc/dchan/levir-cd/train/label/train_119.png
/mnt/store_dai/datasrc/dchan/levir-cd/train/A/train_157.png,/mnt/store_dai/datasrc/dchan/levir-cd/train/B/train_157.png,/mnt/store_dai/datasrc/dchan/levir-cd/train/label/train_157.png
/mnt/store_dai/datasrc/dchan/levir-cd/train/A/train_379.png,/mnt/store_dai/datasrc/dchan/levir-cd/train/B/train_379.png,/mnt/store_dai/datasrc/dchan/levir-cd/train/label/train_379.png
/mnt/store_dai/datasrc/dchan/levir-cd/train/A/train_148.png,/mnt/store_dai/datasrc/dchan/levir-cd/train/B/train_148.png,/mnt/store_dai/datasrc/dchan/levir-cd/train/label/train_148.png
/mnt/store_dai/datasrc/dchan/levir-cd/train/A/train_317.png,/mnt/store_dai/datasrc/dchan/levir-cd/train/B/train_317.png,/mnt/store_dai/datasrc/dchan/levir-cd/train/label/train_317.png
/mnt/store_dai/datasrc/dchan/levir-cd/train/A/train_159.png,/mnt/store_dai/datasrc/dchan/levir-cd/train/B/train_159.png,/mnt/store_dai/datasrc/dchan/levir-cd/train/label/train_159.png
/mnt/store_dai/datasrc/dchan/levir-cd/train/A/train_391.png,/mnt/store_dai/datasrc/dchan/levir-cd/train/B/train_391.png,/mnt/store_dai/datasrc/dchan/levir-cd/train/label/train_391.png
/mnt/store_dai/datasrc/dchan/levir-cd/train/A/train_150.png,/mnt/store_dai/datasrc/dchan/levir-cd/train/B/train_150.png,/mnt/store_dai/datasrc/dchan/levir-cd/train/label/train_150.png
/mnt/store_dai/datasrc/dchan/levir-cd/train/A/train_54.png,/mnt/store_dai/datasrc/dchan/levir-cd/train/B/train_54.png,/mnt/store_dai/datasrc/dchan/levir-cd/train/label/train_54.png
/mnt/store_dai/datasrc/dchan/levir-cd/train/A/train_15.png,/mnt/store_dai/datasrc/dchan/levir-cd/train/B/train_15.png,/mnt/store_dai/datasrc/dchan/levir-cd/train/label/train_15.png
/mnt/store_dai/datasrc/dchan/levir-cd/train/A/train_285.png,/mnt/store_dai/datasrc/dchan/levir-cd/train/B/train_285.png,/mnt/store_dai/datasrc/dchan/levir-cd/train/label/train_285.png
/mnt/store_dai/datasrc/dchan/levir-cd/train/A/train_342.png,/mnt/store_dai/datasrc/dchan/levir-cd/train/B/train_342.png,/mnt/store_dai/datasrc/dchan/levir-cd/train/label/train_342.png
/mnt/store_dai/datasrc/dchan/levir-cd/train/A/train_111.png,/mnt/store_dai/datasrc/dchan/levir-cd/train/B/train_111.png,/mnt/store_dai/datasrc/dchan/levir-cd/train/label/train_111.png
/mnt/store_dai/datasrc/dchan/levir-cd/train/A/train_249.png,/mnt/store_dai/datasrc/dchan/levir-cd/train/B/train_249.png,/mnt/store_dai/datasrc/dchan/levir-cd/train/label/train_249.png
/mnt/store_dai/datasrc/dchan/levir-cd/train/A/train_240.png,/mnt/store_dai/datasrc/dchan/levir-cd/train/B/train_240.png,/mnt/store_dai/datasrc/dchan/levir-cd/train/label/train_240.png
/mnt/store_dai/datasrc/dchan/levir-cd/train/A/train_305.png,/mnt/store_dai/datasrc/dchan/levir-cd/train/B/train_305.png,/mnt/store_dai/datasrc/dchan/levir-cd/train/label/train_305.png
/mnt/store_dai/datasrc/dchan/levir-cd/train/A/train_135.png,/mnt/store_dai/datasrc/dchan/levir-cd/train/B/train_135.png,/mnt/store_dai/datasrc/dchan/levir-cd/train/label/train_135.png
/mnt/store_dai/datasrc/dchan/levir-cd/train/A/train_396.png,/mnt/store_dai/datasrc/dchan/levir-cd/train/B/train_396.png,/mnt/store_dai/datasrc/dchan/levir-cd/train/label/train_396.png
/mnt/store_dai/datasrc/dchan/levir-cd/train/A/train_266.png,/mnt/store_dai/datasrc/dchan/levir-cd/train/B/train_266.png,/mnt/store_dai/datasrc/dchan/levir-cd/train/label/train_266.png
/mnt/store_dai/datasrc/dchan/levir-cd/train/A/train_212.png,/mnt/store_dai/datasrc/dchan/levir-cd/train/B/train_212.png,/mnt/store_dai/datasrc/dchan/levir-cd/train/label/train_212.png
/mnt/store_dai/datasrc/dchan/levir-cd/train/A/train_191.png,/mnt/store_dai/datasrc/dchan/levir-cd/train/B/train_191.png,/mnt/store_dai/datasrc/dchan/levir-cd/train/label/train_191.png
/mnt/store_dai/datasrc/dchan/levir-cd/train/A/train_52.png,/mnt/store_dai/datasrc/dchan/levir-cd/train/B/train_52.png,/mnt/store_dai/datasrc/dchan/levir-cd/train/label/train_52.png
/mnt/store_dai/datasrc/dchan/levir-cd/train/A/train_183.png,/mnt/store_dai/datasrc/dchan/levir-cd/train/B/train_183.png,/mnt/store_dai/datasrc/dchan/levir-cd/train/label/train_183.png
/mnt/store_dai/datasrc/dchan/levir-cd/train/A/train_390.png,/mnt/store_dai/datasrc/dchan/levir-cd/train/B/train_390.png,/mnt/store_dai/datasrc/dchan/levir-cd/train/label/train_390.png
/mnt/store_dai/datasrc/dchan/levir-cd/train/A/train_261.png,/mnt/store_dai/datasrc/dchan/levir-cd/train/B/train_261.png,/mnt/store_dai/datasrc/dchan/levir-cd/train/label/train_261.png
/mnt/store_dai/datasrc/dchan/levir-cd/train/A/train_265.png,/mnt/store_dai/datasrc/dchan/levir-cd/train/B/train_265.png,/mnt/store_dai/datasrc/dchan/levir-cd/train/label/train_265.png
/mnt/store_dai/datasrc/dchan/levir-cd/train/A/train_72.png,/mnt/store_dai/datasrc/dchan/levir-cd/train/B/train_72.png,/mnt/store_dai/datasrc/dchan/levir-cd/train/label/train_72.png
/mnt/store_dai/datasrc/dchan/levir-cd/train/A/train_59.png,/mnt/store_dai/datasrc/dchan/levir-cd/train/B/train_59.png,/mnt/store_dai/datasrc/dchan/levir-cd/train/label/train_59.png
/mnt/store_dai/datasrc/dchan/levir-cd/train/A/train_200.png,/mnt/store_dai/datasrc/dchan/levir-cd/train/B/train_200.png,/mnt/store_dai/datasrc/dchan/levir-cd/train/label/train_200.png
/mnt/store_dai/datasrc/dchan/levir-cd/train/A/train_19.png,/mnt/store_dai/datasrc/dchan/levir-cd/train/B/train_19.png,/mnt/store_dai/datasrc/dchan/levir-cd/train/label/train_19.png
/mnt/store_dai/datasrc/dchan/levir-cd/train/A/train_174.png,/mnt/store_dai/datasrc/dchan/levir-cd/train/B/train_174.png,/mnt/store_dai/datasrc/dchan/levir-cd/train/label/train_174.png
/mnt/store_dai/datasrc/dchan/levir-cd/train/A/train_281.png,/mnt/store_dai/datasrc/dchan/levir-cd/train/B/train_281.png,/mnt/store_dai/datasrc/dchan/levir-cd/train/label/train_281.png
/mnt/store_dai/datasrc/dchan/levir-cd/train/A/train_199.png,/mnt/store_dai/datasrc/dchan/levir-cd/train/B/train_199.png,/mnt/store_dai/datasrc/dchan/levir-cd/train/label/train_199.png
/mnt/store_dai/datasrc/dchan/levir-cd/train/A/train_103.png,/mnt/store_dai/datasrc/dchan/levir-cd/train/B/train_103.png,/mnt/store_dai/datasrc/dchan/levir-cd/train/label/train_103.png
/mnt/store_dai/datasrc/dchan/levir-cd/train/A/train_263.png,/mnt/store_dai/datasrc/dchan/levir-cd/train/B/train_263.png,/mnt/store_dai/datasrc/dchan/levir-cd/train/label/train_263.png
/mnt/store_dai/datasrc/dchan/levir-cd/train/A/train_267.png,/mnt/store_dai/datasrc/dchan/levir-cd/train/B/train_267.png,/mnt/store_dai/datasrc/dchan/levir-cd/train/label/train_267.png
/mnt/store_dai/datasrc/dchan/levir-cd/train/A/train_304.png,/mnt/store_dai/datasrc/dchan/levir-cd/train/B/train_304.png,/mnt/store_dai/datasrc/dchan/levir-cd/train/label/train_304.png
/mnt/store_dai/datasrc/dchan/levir-cd/train/A/train_321.png,/mnt/store_dai/datasrc/dchan/levir-cd/train/B/train_321.png,/mnt/store_dai/datasrc/dchan/levir-cd/train/label/train_321.png
/mnt/store_dai/datasrc/dchan/levir-cd/train/A/train_90.png,/mnt/store_dai/datasrc/dchan/levir-cd/train/B/train_90.png,/mnt/store_dai/datasrc/dchan/levir-cd/train/label/train_90.png
/mnt/store_dai/datasrc/dchan/levir-cd/train/A/train_417.png,/mnt/store_dai/datasrc/dchan/levir-cd/train/B/train_417.png,/mnt/store_dai/datasrc/dchan/levir-cd/train/label/train_417.png
/mnt/store_dai/datasrc/dchan/levir-cd/train/A/train_343.png,/mnt/store_dai/datasrc/dchan/levir-cd/train/B/train_343.png,/mnt/store_dai/datasrc/dchan/levir-cd/train/label/train_343.png
/mnt/store_dai/datasrc/dchan/levir-cd/train/A/train_350.png,/mnt/store_dai/datasrc/dchan/levir-cd/train/B/train_350.png,/mnt/store_dai/datasrc/dchan/levir-cd/train/label/train_350.png
/mnt/store_dai/datasrc/dchan/levir-cd/train/A/train_405.png,/mnt/store_dai/datasrc/dchan/levir-cd/train/B/train_405.png,/mnt/store_dai/datasrc/dchan/levir-cd/train/label/train_405.png
/mnt/store_dai/datasrc/dchan/levir-cd/train/A/train_167.png,/mnt/store_dai/datasrc/dchan/levir-cd/train/B/train_167.png,/mnt/store_dai/datasrc/dchan/levir-cd/train/label/train_167.png
/mnt/store_dai/datasrc/dchan/levir-cd/train/A/train_46.png,/mnt/store_dai/datasrc/dchan/levir-cd/train/B/train_46.png,/mnt/store_dai/datasrc/dchan/levir-cd/train/label/train_46.png
/mnt/store_dai/datasrc/dchan/levir-cd/train/A/train_164.png,/mnt/store_dai/datasrc/dchan/levir-cd/train/B/train_164.png,/mnt/store_dai/datasrc/dchan/levir-cd/train/label/train_164.png
/mnt/store_dai/datasrc/dchan/levir-cd/train/A/train_436.png,/mnt/store_dai/datasrc/dchan/levir-cd/train/B/train_436.png,/mnt/store_dai/datasrc/dchan/levir-cd/train/label/train_436.png
/mnt/store_dai/datasrc/dchan/levir-cd/train/A/train_153.png,/mnt/store_dai/datasrc/dchan/levir-cd/train/B/train_153.png,/mnt/store_dai/datasrc/dchan/levir-cd/train/label/train_153.png
/mnt/store_dai/datasrc/dchan/levir-cd/train/A/train_232.png,/mnt/store_dai/datasrc/dchan/levir-cd/train/B/train_232.png,/mnt/store_dai/datasrc/dchan/levir-cd/train/label/train_232.png
/mnt/store_dai/datasrc/dchan/levir-cd/train/A/train_386.png,/mnt/store_dai/datasrc/dchan/levir-cd/train/B/train_386.png,/mnt/store_dai/datasrc/dchan/levir-cd/train/label/train_386.png
/mnt/store_dai/datasrc/dchan/levir-cd/train/A/train_67.png,/mnt/store_dai/datasrc/dchan/levir-cd/train/B/train_67.png,/mnt/store_dai/datasrc/dchan/levir-cd/train/label/train_67.png
/mnt/store_dai/datasrc/dchan/levir-cd/train/A/train_190.png,/mnt/store_dai/datasrc/dchan/levir-cd/train/B/train_190.png,/mnt/store_dai/datasrc/dchan/levir-cd/train/label/train_190.png
/mnt/store_dai/datasrc/dchan/levir-cd/train/A/train_92.png,/mnt/store_dai/datasrc/dchan/levir-cd/train/B/train_92.png,/mnt/store_dai/datasrc/dchan/levir-cd/train/label/train_92.png
/mnt/store_dai/datasrc/dchan/levir-cd/train/A/train_404.png,/mnt/store_dai/datasrc/dchan/levir-cd/train/B/train_404.png,/mnt/store_dai/datasrc/dchan/levir-cd/train/label/train_404.png
/mnt/store_dai/datasrc/dchan/levir-cd/train/A/train_70.png,/mnt/store_dai/datasrc/dchan/levir-cd/train/B/train_70.png,/mnt/store_dai/datasrc/dchan/levir-cd/train/label/train_70.png
/mnt/store_dai/datasrc/dchan/levir-cd/train/A/train_219.png,/mnt/store_dai/datasrc/dchan/levir-cd/train/B/train_219.png,/mnt/store_dai/datasrc/dchan/levir-cd/train/label/train_219.png
/mnt/store_dai/datasrc/dchan/levir-cd/train/A/train_136.png,/mnt/store_dai/datasrc/dchan/levir-cd/train/B/train_136.png,/mnt/store_dai/datasrc/dchan/levir-cd/train/label/train_136.png
/mnt/store_dai/datasrc/dchan/levir-cd/train/A/train_220.png,/mnt/store_dai/datasrc/dchan/levir-cd/train/B/train_220.png,/mnt/store_dai/datasrc/dchan/levir-cd/train/label/train_220.png
/mnt/store_dai/datasrc/dchan/levir-cd/train/A/train_48.png,/mnt/store_dai/datasrc/dchan/levir-cd/train/B/train_48.png,/mnt/store_dai/datasrc/dchan/levir-cd/train/label/train_48.png
/mnt/store_dai/datasrc/dchan/levir-cd/train/A/train_16.png,/mnt/store_dai/datasrc/dchan/levir-cd/train/B/train_16.png,/mnt/store_dai/datasrc/dchan/levir-cd/train/label/train_16.png
/mnt/store_dai/datasrc/dchan/levir-cd/train/A/train_162.png,/mnt/store_dai/datasrc/dchan/levir-cd/train/B/train_162.png,/mnt/store_dai/datasrc/dchan/levir-cd/train/label/train_162.png
/mnt/store_dai/datasrc/dchan/levir-cd/train/A/train_193.png,/mnt/store_dai/datasrc/dchan/levir-cd/train/B/train_193.png,/mnt/store_dai/datasrc/dchan/levir-cd/train/label/train_193.png
/mnt/store_dai/datasrc/dchan/levir-cd/train/A/train_441.png,/mnt/store_dai/datasrc/dchan/levir-cd/train/B/train_441.png,/mnt/store_dai/datasrc/dchan/levir-cd/train/label/train_441.png
/mnt/store_dai/datasrc/dchan/levir-cd/train/A/train_359.png,/mnt/store_dai/datasrc/dchan/levir-cd/train/B/train_359.png,/mnt/store_dai/datasrc/dchan/levir-cd/train/label/train_359.png
/mnt/store_dai/datasrc/dchan/levir-cd/train/A/train_41.png,/mnt/store_dai/datasrc/dchan/levir-cd/train/B/train_41.png,/mnt/store_dai/datasrc/dchan/levir-cd/train/label/train_41.png
/mnt/store_dai/datasrc/dchan/levir-cd/train/A/train_289.png,/mnt/store_dai/datasrc/dchan/levir-cd/train/B/train_289.png,/mnt/store_dai/datasrc/dchan/levir-cd/train/label/train_289.png
/mnt/store_dai/datasrc/dchan/levir-cd/train/A/train_290.png,/mnt/store_dai/datasrc/dchan/levir-cd/train/B/train_290.png,/mnt/store_dai/datasrc/dchan/levir-cd/train/label/train_290.png
/mnt/store_dai/datasrc/dchan/levir-cd/train/A/train_55.png,/mnt/store_dai/datasrc/dchan/levir-cd/train/B/train_55.png,/mnt/store_dai/datasrc/dchan/levir-cd/train/label/train_55.png
/mnt/store_dai/datasrc/dchan/levir-cd/train/A/train_116.png,/mnt/store_dai/datasrc/dchan/levir-cd/train/B/train_116.png,/mnt/store_dai/datasrc/dchan/levir-cd/train/label/train_116.png
/mnt/store_dai/datasrc/dchan/levir-cd/train/A/train_262.png,/mnt/store_dai/datasrc/dchan/levir-cd/train/B/train_262.png,/mnt/store_dai/datasrc/dchan/levir-cd/train/label/train_262.png
/mnt/store_dai/datasrc/dchan/levir-cd/train/A/train_253.png,/mnt/store_dai/datasrc/dchan/levir-cd/train/B/train_253.png,/mnt/store_dai/datasrc/dchan/levir-cd/train/label/train_253.png
/mnt/store_dai/datasrc/dchan/levir-cd/train/A/train_228.png,/mnt/store_dai/datasrc/dchan/levir-cd/train/B/train_228.png,/mnt/store_dai/datasrc/dchan/levir-cd/train/label/train_228.png
/mnt/store_dai/datasrc/dchan/levir-cd/train/A/train_211.png,/mnt/store_dai/datasrc/dchan/levir-cd/train/B/train_211.png,/mnt/store_dai/datasrc/dchan/levir-cd/train/label/train_211.png
/mnt/store_dai/datasrc/dchan/levir-cd/train/A/train_314.png,/mnt/store_dai/datasrc/dchan/levir-cd/train/B/train_314.png,/mnt/store_dai/datasrc/dchan/levir-cd/train/label/train_314.png
/mnt/store_dai/datasrc/dchan/levir-cd/train/A/train_201.png,/mnt/store_dai/datasrc/dchan/levir-cd/train/B/train_201.png,/mnt/store_dai/datasrc/dchan/levir-cd/train/label/train_201.png
/mnt/store_dai/datasrc/dchan/levir-cd/train/A/train_371.png,/mnt/store_dai/datasrc/dchan/levir-cd/train/B/train_371.png,/mnt/store_dai/datasrc/dchan/levir-cd/train/label/train_371.png
/mnt/store_dai/datasrc/dchan/levir-cd/train/A/train_284.png,/mnt/store_dai/datasrc/dchan/levir-cd/train/B/train_284.png,/mnt/store_dai/datasrc/dchan/levir-cd/train/label/train_284.png
/mnt/store_dai/datasrc/dchan/levir-cd/train/A/train_227.png,/mnt/store_dai/datasrc/dchan/levir-cd/train/B/train_227.png,/mnt/store_dai/datasrc/dchan/levir-cd/train/label/train_227.png
/mnt/store_dai/datasrc/dchan/levir-cd/train/A/train_427.png,/mnt/store_dai/datasrc/dchan/levir-cd/train/B/train_427.png,/mnt/store_dai/datasrc/dchan/levir-cd/train/label/train_427.png
/mnt/store_dai/datasrc/dchan/levir-cd/train/A/train_247.png,/mnt/store_dai/datasrc/dchan/levir-cd/train/B/train_247.png,/mnt/store_dai/datasrc/dchan/levir-cd/train/label/train_247.png
/mnt/store_dai/datasrc/dchan/levir-cd/train/A/train_294.png,/mnt/store_dai/datasrc/dchan/levir-cd/train/B/train_294.png,/mnt/store_dai/datasrc/dchan/levir-cd/train/label/train_294.png
/mnt/store_dai/datasrc/dchan/levir-cd/train/A/train_323.png,/mnt/store_dai/datasrc/dchan/levir-cd/train/B/train_323.png,/mnt/store_dai/datasrc/dchan/levir-cd/train/label/train_323.png
/mnt/store_dai/datasrc/dchan/levir-cd/train/A/train_226.png,/mnt/store_dai/datasrc/dchan/levir-cd/train/B/train_226.png,/mnt/store_dai/datasrc/dchan/levir-cd/train/label/train_226.png
/mnt/store_dai/datasrc/dchan/levir-cd/train/A/train_20.png,/mnt/store_dai/datasrc/dchan/levir-cd/train/B/train_20.png,/mnt/store_dai/datasrc/dchan/levir-cd/train/label/train_20.png
/mnt/store_dai/datasrc/dchan/levir-cd/train/A/train_296.png,/mnt/store_dai/datasrc/dchan/levir-cd/train/B/train_296.png,/mnt/store_dai/datasrc/dchan/levir-cd/train/label/train_296.png
/mnt/store_dai/datasrc/dchan/levir-cd/train/A/train_401.png,/mnt/store_dai/datasrc/dchan/levir-cd/train/B/train_401.png,/mnt/store_dai/datasrc/dchan/levir-cd/train/label/train_401.png
/mnt/store_dai/datasrc/dchan/levir-cd/train/A/train_306.png,/mnt/store_dai/datasrc/dchan/levir-cd/train/B/train_306.png,/mnt/store_dai/datasrc/dchan/levir-cd/train/label/train_306.png
/mnt/store_dai/datasrc/dchan/levir-cd/train/A/train_137.png,/mnt/store_dai/datasrc/dchan/levir-cd/train/B/train_137.png,/mnt/store_dai/datasrc/dchan/levir-cd/train/label/train_137.png
/mnt/store_dai/datasrc/dchan/levir-cd/train/A/train_171.png,/mnt/store_dai/datasrc/dchan/levir-cd/train/B/train_171.png,/mnt/store_dai/datasrc/dchan/levir-cd/train/label/train_171.png
/mnt/store_dai/datasrc/dchan/levir-cd/train/A/train_279.png,/mnt/store_dai/datasrc/dchan/levir-cd/train/B/train_279.png,/mnt/store_dai/datasrc/dchan/levir-cd/train/label/train_279.png
/mnt/store_dai/datasrc/dchan/levir-cd/train/A/train_218.png,/mnt/store_dai/datasrc/dchan/levir-cd/train/B/train_218.png,/mnt/store_dai/datasrc/dchan/levir-cd/train/label/train_218.png
/mnt/store_dai/datasrc/dchan/levir-cd/train/A/train_328.png,/mnt/store_dai/datasrc/dchan/levir-cd/train/B/train_328.png,/mnt/store_dai/datasrc/dchan/levir-cd/train/label/train_328.png
/mnt/store_dai/datasrc/dchan/levir-cd/train/A/train_324.png,/mnt/store_dai/datasrc/dchan/levir-cd/train/B/train_324.png,/mnt/store_dai/datasrc/dchan/levir-cd/train/label/train_324.png
/mnt/store_dai/datasrc/dchan/levir-cd/train/A/train_202.png,/mnt/store_dai/datasrc/dchan/levir-cd/train/B/train_202.png,/mnt/store_dai/datasrc/dchan/levir-cd/train/label/train_202.png
/mnt/store_dai/datasrc/dchan/levir-cd/train/A/train_205.png,/mnt/store_dai/datasrc/dchan/levir-cd/train/B/train_205.png,/mnt/store_dai/datasrc/dchan/levir-cd/train/label/train_205.png
/mnt/store_dai/datasrc/dchan/levir-cd/train/A/train_177.png,/mnt/store_dai/datasrc/dchan/levir-cd/train/B/train_177.png,/mnt/store_dai/datasrc/dchan/levir-cd/train/label/train_177.png
/mnt/store_dai/datasrc/dchan/levir-cd/train/A/train_10.png,/mnt/store_dai/datasrc/dchan/levir-cd/train/B/train_10.png,/mnt/store_dai/datasrc/dchan/levir-cd/train/label/train_10.png
/mnt/store_dai/datasrc/dchan/levir-cd/train/A/train_254.png,/mnt/store_dai/datasrc/dchan/levir-cd/train/B/train_254.png,/mnt/store_dai/datasrc/dchan/levir-cd/train/label/train_254.png
/mnt/store_dai/datasrc/dchan/levir-cd/train/A/train_434.png,/mnt/store_dai/datasrc/dchan/levir-cd/train/B/train_434.png,/mnt/store_dai/datasrc/dchan/levir-cd/train/label/train_434.png
/mnt/store_dai/datasrc/dchan/levir-cd/train/A/train_196.png,/mnt/store_dai/datasrc/dchan/levir-cd/train/B/train_196.png,/mnt/store_dai/datasrc/dchan/levir-cd/train/label/train_196.png
/mnt/store_dai/datasrc/dchan/levir-cd/train/A/train_194.png,/mnt/store_dai/datasrc/dchan/levir-cd/train/B/train_194.png,/mnt/store_dai/datasrc/dchan/levir-cd/train/label/train_194.png
/mnt/store_dai/datasrc/dchan/levir-cd/train/A/train_79.png,/mnt/store_dai/datasrc/dchan/levir-cd/train/B/train_79.png,/mnt/store_dai/datasrc/dchan/levir-cd/train/label/train_79.png
/mnt/store_dai/datasrc/dchan/levir-cd/train/A/train_278.png,/mnt/store_dai/datasrc/dchan/levir-cd/train/B/train_278.png,/mnt/store_dai/datasrc/dchan/levir-cd/train/label/train_278.png
/mnt/store_dai/datasrc/dchan/levir-cd/train/A/train_140.png,/mnt/store_dai/datasrc/dchan/levir-cd/train/B/train_140.png,/mnt/store_dai/datasrc/dchan/levir-cd/train/label/train_140.png
/mnt/store_dai/datasrc/dchan/levir-cd/train/A/train_246.png,/mnt/store_dai/datasrc/dchan/levir-cd/train/B/train_246.png,/mnt/store_dai/datasrc/dchan/levir-cd/train/label/train_246.png
/mnt/store_dai/datasrc/dchan/levir-cd/train/A/train_88.png,/mnt/store_dai/datasrc/dchan/levir-cd/train/B/train_88.png,/mnt/store_dai/datasrc/dchan/levir-cd/train/label/train_88.png
/mnt/store_dai/datasrc/dchan/levir-cd/train/A/train_301.png,/mnt/store_dai/datasrc/dchan/levir-cd/train/B/train_301.png,/mnt/store_dai/datasrc/dchan/levir-cd/train/label/train_301.png
/mnt/store_dai/datasrc/dchan/levir-cd/train/A/train_83.png,/mnt/store_dai/datasrc/dchan/levir-cd/train/B/train_83.png,/mnt/store_dai/datasrc/dchan/levir-cd/train/label/train_83.png
/mnt/store_dai/datasrc/dchan/levir-cd/train/A/train_339.png,/mnt/store_dai/datasrc/dchan/levir-cd/train/B/train_339.png,/mnt/store_dai/datasrc/dchan/levir-cd/train/label/train_339.png
/mnt/store_dai/datasrc/dchan/levir-cd/train/A/train_145.png,/mnt/store_dai/datasrc/dchan/levir-cd/train/B/train_145.png,/mnt/store_dai/datasrc/dchan/levir-cd/train/label/train_145.png
/mnt/store_dai/datasrc/dchan/levir-cd/train/A/train_61.png,/mnt/store_dai/datasrc/dchan/levir-cd/train/B/train_61.png,/mnt/store_dai/datasrc/dchan/levir-cd/train/label/train_61.png
/mnt/store_dai/datasrc/dchan/levir-cd/train/A/train_98.png,/mnt/store_dai/datasrc/dchan/levir-cd/train/B/train_98.png,/mnt/store_dai/datasrc/dchan/levir-cd/train/label/train_98.png
/mnt/store_dai/datasrc/dchan/levir-cd/train/A/train_403.png,/mnt/store_dai/datasrc/dchan/levir-cd/train/B/train_403.png,/mnt/store_dai/datasrc/dchan/levir-cd/train/label/train_403.png
/mnt/store_dai/datasrc/dchan/levir-cd/train/A/train_260.png,/mnt/store_dai/datasrc/dchan/levir-cd/train/B/train_260.png,/mnt/store_dai/datasrc/dchan/levir-cd/train/label/train_260.png
/mnt/store_dai/datasrc/dchan/levir-cd/train/A/train_85.png,/mnt/store_dai/datasrc/dchan/levir-cd/train/B/train_85.png,/mnt/store_dai/datasrc/dchan/levir-cd/train/label/train_85.png
/mnt/store_dai/datasrc/dchan/levir-cd/train/A/train_81.png,/mnt/store_dai/datasrc/dchan/levir-cd/train/B/train_81.png,/mnt/store_dai/datasrc/dchan/levir-cd/train/label/train_81.png
/mnt/store_dai/datasrc/dchan/levir-cd/train/A/train_56.png,/mnt/store_dai/datasrc/dchan/levir-cd/train/B/train_56.png,/mnt/store_dai/datasrc/dchan/levir-cd/train/label/train_56.png
/mnt/store_dai/datasrc/dchan/levir-cd/train/A/train_197.png,/mnt/store_dai/datasrc/dchan/levir-cd/train/B/train_197.png,/mnt/store_dai/datasrc/dchan/levir-cd/train/label/train_197.png
/mnt/store_dai/datasrc/dchan/levir-cd/train/A/train_287.png,/mnt/store_dai/datasrc/dchan/levir-cd/train/B/train_287.png,/mnt/store_dai/datasrc/dchan/levir-cd/train/label/train_287.png
/mnt/store_dai/datasrc/dchan/levir-cd/train/A/train_318.png,/mnt/store_dai/datasrc/dchan/levir-cd/train/B/train_318.png,/mnt/store_dai/datasrc/dchan/levir-cd/train/label/train_318.png
/mnt/store_dai/datasrc/dchan/levir-cd/train/A/train_32.png,/mnt/store_dai/datasrc/dchan/levir-cd/train/B/train_32.png,/mnt/store_dai/datasrc/dchan/levir-cd/train/label/train_32.png
/mnt/store_dai/datasrc/dchan/levir-cd/train/A/train_346.png,/mnt/store_dai/datasrc/dchan/levir-cd/train/B/train_346.png,/mnt/store_dai/datasrc/dchan/levir-cd/train/label/train_346.png
/mnt/store_dai/datasrc/dchan/levir-cd/train/A/train_347.png,/mnt/store_dai/datasrc/dchan/levir-cd/train/B/train_347.png,/mnt/store_dai/datasrc/dchan/levir-cd/train/label/train_347.png
/mnt/store_dai/datasrc/dchan/levir-cd/train/A/train_21.png,/mnt/store_dai/datasrc/dchan/levir-cd/train/B/train_21.png,/mnt/store_dai/datasrc/dchan/levir-cd/train/label/train_21.png
/mnt/store_dai/datasrc/dchan/levir-cd/train/A/train_42.png,/mnt/store_dai/datasrc/dchan/levir-cd/train/B/train_42.png,/mnt/store_dai/datasrc/dchan/levir-cd/train/label/train_42.png
/mnt/store_dai/datasrc/dchan/levir-cd/train/A/train_213.png,/mnt/store_dai/datasrc/dchan/levir-cd/train/B/train_213.png,/mnt/store_dai/datasrc/dchan/levir-cd/train/label/train_213.png
/mnt/store_dai/datasrc/dchan/levir-cd/train/A/train_110.png,/mnt/store_dai/datasrc/dchan/levir-cd/train/B/train_110.png,/mnt/store_dai/datasrc/dchan/levir-cd/train/label/train_110.png
/mnt/store_dai/datasrc/dchan/levir-cd/train/A/train_356.png,/mnt/store_dai/datasrc/dchan/levir-cd/train/B/train_356.png,/mnt/store_dai/datasrc/dchan/levir-cd/train/label/train_356.png
/mnt/store_dai/datasrc/dchan/levir-cd/train/A/train_307.png,/mnt/store_dai/datasrc/dchan/levir-cd/train/B/train_307.png,/mnt/store_dai/datasrc/dchan/levir-cd/train/label/train_307.png
/mnt/store_dai/datasrc/dchan/levir-cd/train/A/train_39.png,/mnt/store_dai/datasrc/dchan/levir-cd/train/B/train_39.png,/mnt/store_dai/datasrc/dchan/levir-cd/train/label/train_39.png
/mnt/store_dai/datasrc/dchan/levir-cd/train/A/train_217.png,/mnt/store_dai/datasrc/dchan/levir-cd/train/B/train_217.png,/mnt/store_dai/datasrc/dchan/levir-cd/train/label/train_217.png
/mnt/store_dai/datasrc/dchan/levir-cd/train/A/train_73.png,/mnt/store_dai/datasrc/dchan/levir-cd/train/B/train_73.png,/mnt/store_dai/datasrc/dchan/levir-cd/train/label/train_73.png
/mnt/store_dai/datasrc/dchan/levir-cd/train/A/train_82.png,/mnt/store_dai/datasrc/dchan/levir-cd/train/B/train_82.png,/mnt/store_dai/datasrc/dchan/levir-cd/train/label/train_82.png
/mnt/store_dai/datasrc/dchan/levir-cd/train/A/train_272.png,/mnt/store_dai/datasrc/dchan/levir-cd/train/B/train_272.png,/mnt/store_dai/datasrc/dchan/levir-cd/train/label/train_272.png
/mnt/store_dai/datasrc/dchan/levir-cd/train/A/train_357.png,/mnt/store_dai/datasrc/dchan/levir-cd/train/B/train_357.png,/mnt/store_dai/datasrc/dchan/levir-cd/train/label/train_357.png
/mnt/store_dai/datasrc/dchan/levir-cd/train/A/train_91.png,/mnt/store_dai/datasrc/dchan/levir-cd/train/B/train_91.png,/mnt/store_dai/datasrc/dchan/levir-cd/train/label/train_91.png
/mnt/store_dai/datasrc/dchan/levir-cd/train/A/train_364.png,/mnt/store_dai/datasrc/dchan/levir-cd/train/B/train_364.png,/mnt/store_dai/datasrc/dchan/levir-cd/train/label/train_364.png
/mnt/store_dai/datasrc/dchan/levir-cd/train/A/train_223.png,/mnt/store_dai/datasrc/dchan/levir-cd/train/B/train_223.png,/mnt/store_dai/datasrc/dchan/levir-cd/train/label/train_223.png
/mnt/store_dai/datasrc/dchan/levir-cd/train/A/train_113.png,/mnt/store_dai/datasrc/dchan/levir-cd/train/B/train_113.png,/mnt/store_dai/datasrc/dchan/levir-cd/train/label/train_113.png
/mnt/store_dai/datasrc/dchan/levir-cd/train/A/train_2.png,/mnt/store_dai/datasrc/dchan/levir-cd/train/B/train_2.png,/mnt/store_dai/datasrc/dchan/levir-cd/train/label/train_2.png
/mnt/store_dai/datasrc/dchan/levir-cd/train/A/train_331.png,/mnt/store_dai/datasrc/dchan/levir-cd/train/B/train_331.png,/mnt/store_dai/datasrc/dchan/levir-cd/train/label/train_331.png
/mnt/store_dai/datasrc/dchan/levir-cd/train/A/train_60.png,/mnt/store_dai/datasrc/dchan/levir-cd/train/B/train_60.png,/mnt/store_dai/datasrc/dchan/levir-cd/train/label/train_60.png
/mnt/store_dai/datasrc/dchan/levir-cd/train/A/train_415.png,/mnt/store_dai/datasrc/dchan/levir-cd/train/B/train_415.png,/mnt/store_dai/datasrc/dchan/levir-cd/train/label/train_415.png
/mnt/store_dai/datasrc/dchan/levir-cd/train/A/train_311.png,/mnt/store_dai/datasrc/dchan/levir-cd/train/B/train_311.png,/mnt/store_dai/datasrc/dchan/levir-cd/train/label/train_311.png
/mnt/store_dai/datasrc/dchan/levir-cd/train/A/train_378.png,/mnt/store_dai/datasrc/dchan/levir-cd/train/B/train_378.png,/mnt/store_dai/datasrc/dchan/levir-cd/train/label/train_378.png
/mnt/store_dai/datasrc/dchan/levir-cd/train/A/train_349.png,/mnt/store_dai/datasrc/dchan/levir-cd/train/B/train_349.png,/mnt/store_dai/datasrc/dchan/levir-cd/train/label/train_349.png
/mnt/store_dai/datasrc/dchan/levir-cd/train/A/train_380.png,/mnt/store_dai/datasrc/dchan/levir-cd/train/B/train_380.png,/mnt/store_dai/datasrc/dchan/levir-cd/train/label/train_380.png
/mnt/store_dai/datasrc/dchan/levir-cd/train/A/train_368.png,/mnt/store_dai/datasrc/dchan/levir-cd/train/B/train_368.png,/mnt/store_dai/datasrc/dchan/levir-cd/train/label/train_368.png
/mnt/store_dai/datasrc/dchan/levir-cd/train/A/train_144.png,/mnt/store_dai/datasrc/dchan/levir-cd/train/B/train_144.png,/mnt/store_dai/datasrc/dchan/levir-cd/train/label/train_144.png
/mnt/store_dai/datasrc/dchan/levir-cd/train/A/train_34.png,/mnt/store_dai/datasrc/dchan/levir-cd/train/B/train_34.png,/mnt/store_dai/datasrc/dchan/levir-cd/train/label/train_34.png
/mnt/store_dai/datasrc/dchan/levir-cd/train/A/train_80.png,/mnt/store_dai/datasrc/dchan/levir-cd/train/B/train_80.png,/mnt/store_dai/datasrc/dchan/levir-cd/train/label/train_80.png
/mnt/store_dai/datasrc/dchan/levir-cd/train/A/train_259.png,/mnt/store_dai/datasrc/dchan/levir-cd/train/B/train_259.png,/mnt/store_dai/datasrc/dchan/levir-cd/train/label/train_259.png
/mnt/store_dai/datasrc/dchan/levir-cd/train/A/train_353.png,/mnt/store_dai/datasrc/dchan/levir-cd/train/B/train_353.png,/mnt/store_dai/datasrc/dchan/levir-cd/train/label/train_353.png
/mnt/store_dai/datasrc/dchan/levir-cd/train/A/train_128.png,/mnt/store_dai/datasrc/dchan/levir-cd/train/B/train_128.png,/mnt/store_dai/datasrc/dchan/levir-cd/train/label/train_128.png
/mnt/store_dai/datasrc/dchan/levir-cd/train/A/train_58.png,/mnt/store_dai/datasrc/dchan/levir-cd/train/B/train_58.png,/mnt/store_dai/datasrc/dchan/levir-cd/train/label/train_58.png
/mnt/store_dai/datasrc/dchan/levir-cd/train/A/train_203.png,/mnt/store_dai/datasrc/dchan/levir-cd/train/B/train_203.png,/mnt/store_dai/datasrc/dchan/levir-cd/train/label/train_203.png
/mnt/store_dai/datasrc/dchan/levir-cd/train/A/train_7.png,/mnt/store_dai/datasrc/dchan/levir-cd/train/B/train_7.png,/mnt/store_dai/datasrc/dchan/levir-cd/train/label/train_7.png
/mnt/store_dai/datasrc/dchan/levir-cd/train/A/train_445.png,/mnt/store_dai/datasrc/dchan/levir-cd/train/B/train_445.png,/mnt/store_dai/datasrc/dchan/levir-cd/train/label/train_445.png
/mnt/store_dai/datasrc/dchan/levir-cd/train/A/train_397.png,/mnt/store_dai/datasrc/dchan/levir-cd/train/B/train_397.png,/mnt/store_dai/datasrc/dchan/levir-cd/train/label/train_397.png
/mnt/store_dai/datasrc/dchan/levir-cd/train/A/train_229.png,/mnt/store_dai/datasrc/dchan/levir-cd/train/B/train_229.png,/mnt/store_dai/datasrc/dchan/levir-cd/train/label/train_229.png
/mnt/store_dai/datasrc/dchan/levir-cd/train/A/train_126.png,/mnt/store_dai/datasrc/dchan/levir-cd/train/B/train_126.png,/mnt/store_dai/datasrc/dchan/levir-cd/train/label/train_126.png
/mnt/store_dai/datasrc/dchan/levir-cd/train/A/train_105.png,/mnt/store_dai/datasrc/dchan/levir-cd/train/B/train_105.png,/mnt/store_dai/datasrc/dchan/levir-cd/train/label/train_105.png
/mnt/store_dai/datasrc/dchan/levir-cd/train/A/train_139.png,/mnt/store_dai/datasrc/dchan/levir-cd/train/B/train_139.png,/mnt/store_dai/datasrc/dchan/levir-cd/train/label/train_139.png
/mnt/store_dai/datasrc/dchan/levir-cd/train/A/train_94.png,/mnt/store_dai/datasrc/dchan/levir-cd/train/B/train_94.png,/mnt/store_dai/datasrc/dchan/levir-cd/train/label/train_94.png
/mnt/store_dai/datasrc/dchan/levir-cd/train/A/train_326.png,/mnt/store_dai/datasrc/dchan/levir-cd/train/B/train_326.png,/mnt/store_dai/datasrc/dchan/levir-cd/train/label/train_326.png
/mnt/store_dai/datasrc/dchan/levir-cd/train/A/train_374.png,/mnt/store_dai/datasrc/dchan/levir-cd/train/B/train_374.png,/mnt/store_dai/datasrc/dchan/levir-cd/train/label/train_374.png
/mnt/store_dai/datasrc/dchan/levir-cd/train/A/train_30.png,/mnt/store_dai/datasrc/dchan/levir-cd/train/B/train_30.png,/mnt/store_dai/datasrc/dchan/levir-cd/train/label/train_30.png
/mnt/store_dai/datasrc/dchan/levir-cd/train/A/train_365.png,/mnt/store_dai/datasrc/dchan/levir-cd/train/B/train_365.png,/mnt/store_dai/datasrc/dchan/levir-cd/train/label/train_365.png
/mnt/store_dai/datasrc/dchan/levir-cd/train/A/train_236.png,/mnt/store_dai/datasrc/dchan/levir-cd/train/B/train_236.png,/mnt/store_dai/datasrc/dchan/levir-cd/train/label/train_236.png
/mnt/store_dai/datasrc/dchan/levir-cd/train/A/train_206.png,/mnt/store_dai/datasrc/dchan/levir-cd/train/B/train_206.png,/mnt/store_dai/datasrc/dchan/levir-cd/train/label/train_206.png
/mnt/store_dai/datasrc/dchan/levir-cd/train/A/train_233.png,/mnt/store_dai/datasrc/dchan/levir-cd/train/B/train_233.png,/mnt/store_dai/datasrc/dchan/levir-cd/train/label/train_233.png
/mnt/store_dai/datasrc/dchan/levir-cd/train/A/train_276.png,/mnt/store_dai/datasrc/dchan/levir-cd/train/B/train_276.png,/mnt/store_dai/datasrc/dchan/levir-cd/train/label/train_276.png
/mnt/store_dai/datasrc/dchan/levir-cd/train/A/train_243.png,/mnt/store_dai/datasrc/dchan/levir-cd/train/B/train_243.png,/mnt/store_dai/datasrc/dchan/levir-cd/train/label/train_243.png
/mnt/store_dai/datasrc/dchan/levir-cd/train/A/train_93.png,/mnt/store_dai/datasrc/dchan/levir-cd/train/B/train_93.png,/mnt/store_dai/datasrc/dchan/levir-cd/train/label/train_93.png
/mnt/store_dai/datasrc/dchan/levir-cd/train/A/train_416.png,/mnt/store_dai/datasrc/dchan/levir-cd/train/B/train_416.png,/mnt/store_dai/datasrc/dchan/levir-cd/train/label/train_416.png
/mnt/store_dai/datasrc/dchan/levir-cd/train/A/train_64.png,/mnt/store_dai/datasrc/dchan/levir-cd/train/B/train_64.png,/mnt/store_dai/datasrc/dchan/levir-cd/train/label/train_64.png
/mnt/store_dai/datasrc/dchan/levir-cd/train/A/train_146.png,/mnt/store_dai/datasrc/dchan/levir-cd/train/B/train_146.png,/mnt/store_dai/datasrc/dchan/levir-cd/train/label/train_146.png
/mnt/store_dai/datasrc/dchan/levir-cd/train/A/train_244.png,/mnt/store_dai/datasrc/dchan/levir-cd/train/B/train_244.png,/mnt/store_dai/datasrc/dchan/levir-cd/train/label/train_244.png
/mnt/store_dai/datasrc/dchan/levir-cd/train/A/train_78.png,/mnt/store_dai/datasrc/dchan/levir-cd/train/B/train_78.png,/mnt/store_dai/datasrc/dchan/levir-cd/train/label/train_78.png
/mnt/store_dai/datasrc/dchan/levir-cd/train/A/train_57.png,/mnt/store_dai/datasrc/dchan/levir-cd/train/B/train_57.png,/mnt/store_dai/datasrc/dchan/levir-cd/train/label/train_57.png
/mnt/store_dai/datasrc/dchan/levir-cd/train/A/train_442.png,/mnt/store_dai/datasrc/dchan/levir-cd/train/B/train_442.png,/mnt/store_dai/datasrc/dchan/levir-cd/train/label/train_442.png
/mnt/store_dai/datasrc/dchan/levir-cd/train/A/train_329.png,/mnt/store_dai/datasrc/dchan/levir-cd/train/B/train_329.png,/mnt/store_dai/datasrc/dchan/levir-cd/train/label/train_329.png
/mnt/store_dai/datasrc/dchan/levir-cd/train/A/train_399.png,/mnt/store_dai/datasrc/dchan/levir-cd/train/B/train_399.png,/mnt/store_dai/datasrc/dchan/levir-cd/train/label/train_399.png
/mnt/store_dai/datasrc/dchan/levir-cd/train/A/train_25.png,/mnt/store_dai/datasrc/dchan/levir-cd/train/B/train_25.png,/mnt/store_dai/datasrc/dchan/levir-cd/train/label/train_25.png
/mnt/store_dai/datasrc/dchan/levir-cd/train/A/train_360.png,/mnt/store_dai/datasrc/dchan/levir-cd/train/B/train_360.png,/mnt/store_dai/datasrc/dchan/levir-cd/train/label/train_360.png
/mnt/store_dai/datasrc/dchan/levir-cd/train/A/train_230.png,/mnt/store_dai/datasrc/dchan/levir-cd/train/B/train_230.png,/mnt/store_dai/datasrc/dchan/levir-cd/train/label/train_230.png
/mnt/store_dai/datasrc/dchan/levir-cd/train/A/train_439.png,/mnt/store_dai/datasrc/dchan/levir-cd/train/B/train_439.png,/mnt/store_dai/datasrc/dchan/levir-cd/train/label/train_439.png
/mnt/store_dai/datasrc/dchan/levir-cd/train/A/train_127.png,/mnt/store_dai/datasrc/dchan/levir-cd/train/B/train_127.png,/mnt/store_dai/datasrc/dchan/levir-cd/train/label/train_127.png
/mnt/store_dai/datasrc/dchan/levir-cd/train/A/train_310.png,/mnt/store_dai/datasrc/dchan/levir-cd/train/B/train_310.png,/mnt/store_dai/datasrc/dchan/levir-cd/train/label/train_310.png
/mnt/store_dai/datasrc/dchan/levir-cd/train/A/train_302.png,/mnt/store_dai/datasrc/dchan/levir-cd/train/B/train_302.png,/mnt/store_dai/datasrc/dchan/levir-cd/train/label/train_302.png
/mnt/store_dai/datasrc/dchan/levir-cd/train/A/train_292.png,/mnt/store_dai/datasrc/dchan/levir-cd/train/B/train_292.png,/mnt/store_dai/datasrc/dchan/levir-cd/train/label/train_292.png
/mnt/store_dai/datasrc/dchan/levir-cd/train/A/train_340.png,/mnt/store_dai/datasrc/dchan/levir-cd/train/B/train_340.png,/mnt/store_dai/datasrc/dchan/levir-cd/train/label/train_340.png
/mnt/store_dai/datasrc/dchan/levir-cd/train/A/train_189.png,/mnt/store_dai/datasrc/dchan/levir-cd/train/B/train_189.png,/mnt/store_dai/datasrc/dchan/levir-cd/train/label/train_189.png
/mnt/store_dai/datasrc/dchan/levir-cd/train/A/train_242.png,/mnt/store_dai/datasrc/dchan/levir-cd/train/B/train_242.png,/mnt/store_dai/datasrc/dchan/levir-cd/train/label/train_242.png
/mnt/store_dai/datasrc/dchan/levir-cd/train/A/train_35.png,/mnt/store_dai/datasrc/dchan/levir-cd/train/B/train_35.png,/mnt/store_dai/datasrc/dchan/levir-cd/train/label/train_35.png
/mnt/store_dai/datasrc/dchan/levir-cd/train/A/train_344.png,/mnt/store_dai/datasrc/dchan/levir-cd/train/B/train_344.png,/mnt/store_dai/datasrc/dchan/levir-cd/train/label/train_344.png
/mnt/store_dai/datasrc/dchan/levir-cd/train/A/train_248.png,/mnt/store_dai/datasrc/dchan/levir-cd/train/B/train_248.png,/mnt/store_dai/datasrc/dchan/levir-cd/train/label/train_248.png
/mnt/store_dai/datasrc/dchan/levir-cd/train/A/train_63.png,/mnt/store_dai/datasrc/dchan/levir-cd/train/B/train_63.png,/mnt/store_dai/datasrc/dchan/levir-cd/train/label/train_63.png
/mnt/store_dai/datasrc/dchan/levir-cd/train/A/train_86.png,/mnt/store_dai/datasrc/dchan/levir-cd/train/B/train_86.png,/mnt/store_dai/datasrc/dchan/levir-cd/train/label/train_86.png
/mnt/store_dai/datasrc/dchan/levir-cd/train/A/train_376.png,/mnt/store_dai/datasrc/dchan/levir-cd/train/B/train_376.png,/mnt/store_dai/datasrc/dchan/levir-cd/train/label/train_376.png
/mnt/store_dai/datasrc/dchan/levir-cd/train/A/train_393.png,/mnt/store_dai/datasrc/dchan/levir-cd/train/B/train_393.png,/mnt/store_dai/datasrc/dchan/levir-cd/train/label/train_393.png
/mnt/store_dai/datasrc/dchan/levir-cd/train/A/train_114.png,/mnt/store_dai/datasrc/dchan/levir-cd/train/B/train_114.png,/mnt/store_dai/datasrc/dchan/levir-cd/train/label/train_114.png
/mnt/store_dai/datasrc/dchan/levir-cd/train/A/train_37.png,/mnt/store_dai/datasrc/dchan/levir-cd/train/B/train_37.png,/mnt/store_dai/datasrc/dchan/levir-cd/train/label/train_37.png
/mnt/store_dai/datasrc/dchan/levir-cd/train/A/train_198.png,/mnt/store_dai/datasrc/dchan/levir-cd/train/B/train_198.png,/mnt/store_dai/datasrc/dchan/levir-cd/train/label/train_198.png
/mnt/store_dai/datasrc/dchan/levir-cd/train/A/train_71.png,/mnt/store_dai/datasrc/dchan/levir-cd/train/B/train_71.png,/mnt/store_dai/datasrc/dchan/levir-cd/train/label/train_71.png
/mnt/store_dai/datasrc/dchan/levir-cd/train/A/train_419.png,/mnt/store_dai/datasrc/dchan/levir-cd/train/B/train_419.png,/mnt/store_dai/datasrc/dchan/levir-cd/train/label/train_419.png
/mnt/store_dai/datasrc/dchan/levir-cd/train/A/train_293.png,/mnt/store_dai/datasrc/dchan/levir-cd/train/B/train_293.png,/mnt/store_dai/datasrc/dchan/levir-cd/train/label/train_293.png
/mnt/store_dai/datasrc/dchan/levir-cd/train/A/train_188.png,/mnt/store_dai/datasrc/dchan/levir-cd/train/B/train_188.png,/mnt/store_dai/datasrc/dchan/levir-cd/train/label/train_188.png
/mnt/store_dai/datasrc/dchan/levir-cd/train/A/train_187.png,/mnt/store_dai/datasrc/dchan/levir-cd/train/B/train_187.png,/mnt/store_dai/datasrc/dchan/levir-cd/train/label/train_187.png
/mnt/store_dai/datasrc/dchan/levir-cd/train/A/train_381.png,/mnt/store_dai/datasrc/dchan/levir-cd/train/B/train_381.png,/mnt/store_dai/datasrc/dchan/levir-cd/train/label/train_381.png
/mnt/store_dai/datasrc/dchan/levir-cd/train/A/train_209.png,/mnt/store_dai/datasrc/dchan/levir-cd/train/B/train_209.png,/mnt/store_dai/datasrc/dchan/levir-cd/train/label/train_209.png
/mnt/store_dai/datasrc/dchan/levir-cd/train/A/train_74.png,/mnt/store_dai/datasrc/dchan/levir-cd/train/B/train_74.png,/mnt/store_dai/datasrc/dchan/levir-cd/train/label/train_74.png
/mnt/store_dai/datasrc/dchan/levir-cd/train/A/train_245.png,/mnt/store_dai/datasrc/dchan/levir-cd/train/B/train_245.png,/mnt/store_dai/datasrc/dchan/levir-cd/train/label/train_245.png
/mnt/store_dai/datasrc/dchan/levir-cd/train/A/train_49.png,/mnt/store_dai/datasrc/dchan/levir-cd/train/B/train_49.png,/mnt/store_dai/datasrc/dchan/levir-cd/train/label/train_49.png
/mnt/store_dai/datasrc/dchan/levir-cd/train/A/train_421.png,/mnt/store_dai/datasrc/dchan/levir-cd/train/B/train_421.png,/mnt/store_dai/datasrc/dchan/levir-cd/train/label/train_421.png
/mnt/store_dai/datasrc/dchan/levir-cd/train/A/train_112.png,/mnt/store_dai/datasrc/dchan/levir-cd/train/B/train_112.png,/mnt/store_dai/datasrc/dchan/levir-cd/train/label/train_112.png
/mnt/store_dai/datasrc/dchan/levir-cd/train/A/train_316.png,/mnt/store_dai/datasrc/dchan/levir-cd/train/B/train_316.png,/mnt/store_dai/datasrc/dchan/levir-cd/train/label/train_316.png
/mnt/store_dai/datasrc/dchan/levir-cd/train/A/train_315.png,/mnt/store_dai/datasrc/dchan/levir-cd/train/B/train_315.png,/mnt/store_dai/datasrc/dchan/levir-cd/train/label/train_315.png
/mnt/store_dai/datasrc/dchan/levir-cd/train/A/train_115.png,/mnt/store_dai/datasrc/dchan/levir-cd/train/B/train_115.png,/mnt/store_dai/datasrc/dchan/levir-cd/train/label/train_115.png
/mnt/store_dai/datasrc/dchan/levir-cd/train/A/train_5.png,/mnt/store_dai/datasrc/dchan/levir-cd/train/B/train_5.png,/mnt/store_dai/datasrc/dchan/levir-cd/train/label/train_5.png
/mnt/store_dai/datasrc/dchan/levir-cd/train/A/train_432.png,/mnt/store_dai/datasrc/dchan/levir-cd/train/B/train_432.png,/mnt/store_dai/datasrc/dchan/levir-cd/train/label/train_432.png
/mnt/store_dai/datasrc/dchan/levir-cd/train/A/train_273.png,/mnt/store_dai/datasrc/dchan/levir-cd/train/B/train_273.png,/mnt/store_dai/datasrc/dchan/levir-cd/train/label/train_273.png
/mnt/store_dai/datasrc/dchan/levir-cd/train/A/train_351.png,/mnt/store_dai/datasrc/dchan/levir-cd/train/B/train_351.png,/mnt/store_dai/datasrc/dchan/levir-cd/train/label/train_351.png
/mnt/store_dai/datasrc/dchan/levir-cd/train/A/train_185.png,/mnt/store_dai/datasrc/dchan/levir-cd/train/B/train_185.png,/mnt/store_dai/datasrc/dchan/levir-cd/train/label/train_185.png
/mnt/store_dai/datasrc/dchan/levir-cd/train/A/train_45.png,/mnt/store_dai/datasrc/dchan/levir-cd/train/B/train_45.png,/mnt/store_dai/datasrc/dchan/levir-cd/train/label/train_45.png
/mnt/store_dai/datasrc/dchan/levir-cd/train/A/train_395.png,/mnt/store_dai/datasrc/dchan/levir-cd/train/B/train_395.png,/mnt/store_dai/datasrc/dchan/levir-cd/train/label/train_395.png
/mnt/store_dai/datasrc/dchan/levir-cd/train/A/train_255.png,/mnt/store_dai/datasrc/dchan/levir-cd/train/B/train_255.png,/mnt/store_dai/datasrc/dchan/levir-cd/train/label/train_255.png
/mnt/store_dai/datasrc/dchan/levir-cd/train/A/train_151.png,/mnt/store_dai/datasrc/dchan/levir-cd/train/B/train_151.png,/mnt/store_dai/datasrc/dchan/levir-cd/train/label/train_151.png
/mnt/store_dai/datasrc/dchan/levir-cd/train/A/train_134.png,/mnt/store_dai/datasrc/dchan/levir-cd/train/B/train_134.png,/mnt/store_dai/datasrc/dchan/levir-cd/train/label/train_134.png
/mnt/store_dai/datasrc/dchan/levir-cd/train/A/train_239.png,/mnt/store_dai/datasrc/dchan/levir-cd/train/B/train_239.png,/mnt/store_dai/datasrc/dchan/levir-cd/train/label/train_239.png
/mnt/store_dai/datasrc/dchan/levir-cd/train/A/train_29.png,/mnt/store_dai/datasrc/dchan/levir-cd/train/B/train_29.png,/mnt/store_dai/datasrc/dchan/levir-cd/train/label/train_29.png
/mnt/store_dai/datasrc/dchan/levir-cd/train/A/train_383.png,/mnt/store_dai/datasrc/dchan/levir-cd/train/B/train_383.png,/mnt/store_dai/datasrc/dchan/levir-cd/train/label/train_383.png
/mnt/store_dai/datasrc/dchan/levir-cd/train/A/train_322.png,/mnt/store_dai/datasrc/dchan/levir-cd/train/B/train_322.png,/mnt/store_dai/datasrc/dchan/levir-cd/train/label/train_322.png
/mnt/store_dai/datasrc/dchan/levir-cd/train/A/train_428.png,/mnt/store_dai/datasrc/dchan/levir-cd/train/B/train_428.png,/mnt/store_dai/datasrc/dchan/levir-cd/train/label/train_428.png
/mnt/store_dai/datasrc/dchan/levir-cd/train/A/train_354.png,/mnt/store_dai/datasrc/dchan/levir-cd/train/B/train_354.png,/mnt/store_dai/datasrc/dchan/levir-cd/train/label/train_354.png
/mnt/store_dai/datasrc/dchan/levir-cd/train/A/train_410.png,/mnt/store_dai/datasrc/dchan/levir-cd/train/B/train_410.png,/mnt/store_dai/datasrc/dchan/levir-cd/train/label/train_410.png
/mnt/store_dai/datasrc/dchan/levir-cd/train/A/train_106.png,/mnt/store_dai/datasrc/dchan/levir-cd/train/B/train_106.png,/mnt/store_dai/datasrc/dchan/levir-cd/train/label/train_106.png
/mnt/store_dai/datasrc/dchan/levir-cd/train/A/train_370.png,/mnt/store_dai/datasrc/dchan/levir-cd/train/B/train_370.png,/mnt/store_dai/datasrc/dchan/levir-cd/train/label/train_370.png
/mnt/store_dai/datasrc/dchan/levir-cd/train/A/train_320.png,/mnt/store_dai/datasrc/dchan/levir-cd/train/B/train_320.png,/mnt/store_dai/datasrc/dchan/levir-cd/train/label/train_320.png
/mnt/store_dai/datasrc/dchan/levir-cd/train/A/train_100.png,/mnt/store_dai/datasrc/dchan/levir-cd/train/B/train_100.png,/mnt/store_dai/datasrc/dchan/levir-cd/train/label/train_100.png
/mnt/store_dai/datasrc/dchan/levir-cd/train/A/train_256.png,/mnt/store_dai/datasrc/dchan/levir-cd/train/B/train_256.png,/mnt/store_dai/datasrc/dchan/levir-cd/train/label/train_256.png
/mnt/store_dai/datasrc/dchan/levir-cd/train/A/train_141.png,/mnt/store_dai/datasrc/dchan/levir-cd/train/B/train_141.png,/mnt/store_dai/datasrc/dchan/levir-cd/train/label/train_141.png
/mnt/store_dai/datasrc/dchan/levir-cd/train/A/train_231.png,/mnt/store_dai/datasrc/dchan/levir-cd/train/B/train_231.png,/mnt/store_dai/datasrc/dchan/levir-cd/train/label/train_231.png
/mnt/store_dai/datasrc/dchan/levir-cd/train/A/train_216.png,/mnt/store_dai/datasrc/dchan/levir-cd/train/B/train_216.png,/mnt/store_dai/datasrc/dchan/levir-cd/train/label/train_216.png
/mnt/store_dai/datasrc/dchan/levir-cd/train/A/train_275.png,/mnt/store_dai/datasrc/dchan/levir-cd/train/B/train_275.png,/mnt/store_dai/datasrc/dchan/levir-cd/train/label/train_275.png
/mnt/store_dai/datasrc/dchan/levir-cd/train/A/train_295.png,/mnt/store_dai/datasrc/dchan/levir-cd/train/B/train_295.png,/mnt/store_dai/datasrc/dchan/levir-cd/train/label/train_295.png
/mnt/store_dai/datasrc/dchan/levir-cd/train/A/train_155.png,/mnt/store_dai/datasrc/dchan/levir-cd/train/B/train_155.png,/mnt/store_dai/datasrc/dchan/levir-cd/train/label/train_155.png
/mnt/store_dai/datasrc/dchan/levir-cd/train/A/train_169.png,/mnt/store_dai/datasrc/dchan/levir-cd/train/B/train_169.png,/mnt/store_dai/datasrc/dchan/levir-cd/train/label/train_169.png
/mnt/store_dai/datasrc/dchan/levir-cd/train/A/train_95.png,/mnt/store_dai/datasrc/dchan/levir-cd/train/B/train_95.png,/mnt/store_dai/datasrc/dchan/levir-cd/train/label/train_95.png
/mnt/store_dai/datasrc/dchan/levir-cd/train/A/train_277.png,/mnt/store_dai/datasrc/dchan/levir-cd/train/B/train_277.png,/mnt/store_dai/datasrc/dchan/levir-cd/train/label/train_277.png
/mnt/store_dai/datasrc/dchan/levir-cd/train/A/train_154.png,/mnt/store_dai/datasrc/dchan/levir-cd/train/B/train_154.png,/mnt/store_dai/datasrc/dchan/levir-cd/train/label/train_154.png
/mnt/store_dai/datasrc/dchan/levir-cd/train/A/train_143.png,/mnt/store_dai/datasrc/dchan/levir-cd/train/B/train_143.png,/mnt/store_dai/datasrc/dchan/levir-cd/train/label/train_143.png
/mnt/store_dai/datasrc/dchan/levir-cd/train/A/train_382.png,/mnt/store_dai/datasrc/dchan/levir-cd/train/B/train_382.png,/mnt/store_dai/datasrc/dchan/levir-cd/train/label/train_382.png
/mnt/store_dai/datasrc/dchan/levir-cd/train/A/train_406.png,/mnt/store_dai/datasrc/dchan/levir-cd/train/B/train_406.png,/mnt/store_dai/datasrc/dchan/levir-cd/train/label/train_406.png
/mnt/store_dai/datasrc/dchan/levir-cd/train/A/train_207.png,/mnt/store_dai/datasrc/dchan/levir-cd/train/B/train_207.png,/mnt/store_dai/datasrc/dchan/levir-cd/train/label/train_207.png
/mnt/store_dai/datasrc/dchan/levir-cd/train/A/train_152.png,/mnt/store_dai/datasrc/dchan/levir-cd/train/B/train_152.png,/mnt/store_dai/datasrc/dchan/levir-cd/train/label/train_152.png
/mnt/store_dai/datasrc/dchan/levir-cd/train/A/train_22.png,/mnt/store_dai/datasrc/dchan/levir-cd/train/B/train_22.png,/mnt/store_dai/datasrc/dchan/levir-cd/train/label/train_22.png
/mnt/store_dai/datasrc/dchan/levir-cd/train/A/train_235.png,/mnt/store_dai/datasrc/dchan/levir-cd/train/B/train_235.png,/mnt/store_dai/datasrc/dchan/levir-cd/train/label/train_235.png
/mnt/store_dai/datasrc/dchan/levir-cd/train/A/train_68.png,/mnt/store_dai/datasrc/dchan/levir-cd/train/B/train_68.png,/mnt/store_dai/datasrc/dchan/levir-cd/train/label/train_68.png
/mnt/store_dai/datasrc/dchan/levir-cd/train/A/train_168.png,/mnt/store_dai/datasrc/dchan/levir-cd/train/B/train_168.png,/mnt/store_dai/datasrc/dchan/levir-cd/train/label/train_168.png
/mnt/store_dai/datasrc/dchan/levir-cd/train/A/train_204.png,/mnt/store_dai/datasrc/dchan/levir-cd/train/B/train_204.png,/mnt/store_dai/datasrc/dchan/levir-cd/train/label/train_204.png
/mnt/store_dai/datasrc/dchan/levir-cd/train/A/train_336.png,/mnt/store_dai/datasrc/dchan/levir-cd/train/B/train_336.png,/mnt/store_dai/datasrc/dchan/levir-cd/train/label/train_336.png
/mnt/store_dai/datasrc/dchan/levir-cd/train/A/train_384.png,/mnt/store_dai/datasrc/dchan/levir-cd/train/B/train_384.png,/mnt/store_dai/datasrc/dchan/levir-cd/train/label/train_384.png
/mnt/store_dai/datasrc/dchan/levir-cd/train/A/train_372.png,/mnt/store_dai/datasrc/dchan/levir-cd/train/B/train_372.png,/mnt/store_dai/datasrc/dchan/levir-cd/train/label/train_372.png
/mnt/store_dai/datasrc/dchan/levir-cd/train/A/train_76.png,/mnt/store_dai/datasrc/dchan/levir-cd/train/B/train_76.png,/mnt/store_dai/datasrc/dchan/levir-cd/train/label/train_76.png
/mnt/store_dai/datasrc/dchan/levir-cd/train/A/train_186.png,/mnt/store_dai/datasrc/dchan/levir-cd/train/B/train_186.png,/mnt/store_dai/datasrc/dchan/levir-cd/train/label/train_186.png
/mnt/store_dai/datasrc/dchan/levir-cd/train/A/train_180.png,/mnt/store_dai/datasrc/dchan/levir-cd/train/B/train_180.png,/mnt/store_dai/datasrc/dchan/levir-cd/train/label/train_180.png
/mnt/store_dai/datasrc/dchan/levir-cd/train/A/train_327.png,/mnt/store_dai/datasrc/dchan/levir-cd/train/B/train_327.png,/mnt/store_dai/datasrc/dchan/levir-cd/train/label/train_327.png
/mnt/store_dai/datasrc/dchan/levir-cd/train/A/train_3.png,/mnt/store_dai/datasrc/dchan/levir-cd/train/B/train_3.png,/mnt/store_dai/datasrc/dchan/levir-cd/train/label/train_3.png
/mnt/store_dai/datasrc/dchan/levir-cd/train/A/train_355.png,/mnt/store_dai/datasrc/dchan/levir-cd/train/B/train_355.png,/mnt/store_dai/datasrc/dchan/levir-cd/train/label/train_355.png
/mnt/store_dai/datasrc/dchan/levir-cd/train/A/train_160.png,/mnt/store_dai/datasrc/dchan/levir-cd/train/B/train_160.png,/mnt/store_dai/datasrc/dchan/levir-cd/train/label/train_160.png
/mnt/store_dai/datasrc/dchan/levir-cd/train/A/train_40.png,/mnt/store_dai/datasrc/dchan/levir-cd/train/B/train_40.png,/mnt/store_dai/datasrc/dchan/levir-cd/train/label/train_40.png
/mnt/store_dai/datasrc/dchan/levir-cd/train/A/train_28.png,/mnt/store_dai/datasrc/dchan/levir-cd/train/B/train_28.png,/mnt/store_dai/datasrc/dchan/levir-cd/train/label/train_28.png
/mnt/store_dai/datasrc/dchan/levir-cd/train/A/train_225.png,/mnt/store_dai/datasrc/dchan/levir-cd/train/B/train_225.png,/mnt/store_dai/datasrc/dchan/levir-cd/train/label/train_225.png
/mnt/store_dai/datasrc/dchan/levir-cd/train/A/train_120.png,/mnt/store_dai/datasrc/dchan/levir-cd/train/B/train_120.png,/mnt/store_dai/datasrc/dchan/levir-cd/train/label/train_120.png
/mnt/store_dai/datasrc/dchan/levir-cd/train/A/train_224.png,/mnt/store_dai/datasrc/dchan/levir-cd/train/B/train_224.png,/mnt/store_dai/datasrc/dchan/levir-cd/train/label/train_224.png
/mnt/store_dai/datasrc/dchan/levir-cd/train/A/train_291.png,/mnt/store_dai/datasrc/dchan/levir-cd/train/B/train_291.png,/mnt/store_dai/datasrc/dchan/levir-cd/train/label/train_291.png
/mnt/store_dai/datasrc/dchan/levir-cd/train/A/train_330.png,/mnt/store_dai/datasrc/dchan/levir-cd/train/B/train_330.png,/mnt/store_dai/datasrc/dchan/levir-cd/train/label/train_330.png
/mnt/store_dai/datasrc/dchan/levir-cd/train/A/train_431.png,/mnt/store_dai/datasrc/dchan/levir-cd/train/B/train_431.png,/mnt/store_dai/datasrc/dchan/levir-cd/train/label/train_431.png
/mnt/store_dai/datasrc/dchan/levir-cd/train/A/train_234.png,/mnt/store_dai/datasrc/dchan/levir-cd/train/B/train_234.png,/mnt/store_dai/datasrc/dchan/levir-cd/train/label/train_234.png
/mnt/store_dai/datasrc/dchan/levir-cd/train/A/train_66.png,/mnt/store_dai/datasrc/dchan/levir-cd/train/B/train_66.png,/mnt/store_dai/datasrc/dchan/levir-cd/train/label/train_66.png
/mnt/store_dai/datasrc/dchan/levir-cd/train/A/train_325.png,/mnt/store_dai/datasrc/dchan/levir-cd/train/B/train_325.png,/mnt/store_dai/datasrc/dchan/levir-cd/train/label/train_325.png
/mnt/store_dai/datasrc/dchan/levir-cd/train/A/train_269.png,/mnt/store_dai/datasrc/dchan/levir-cd/train/B/train_269.png,/mnt/store_dai/datasrc/dchan/levir-cd/train/label/train_269.png
/mnt/store_dai/datasrc/dchan/levir-cd/train/A/train_418.png,/mnt/store_dai/datasrc/dchan/levir-cd/train/B/train_418.png,/mnt/store_dai/datasrc/dchan/levir-cd/train/label/train_418.png
/mnt/store_dai/datasrc/dchan/levir-cd/train/A/train_423.png,/mnt/store_dai/datasrc/dchan/levir-cd/train/B/train_423.png,/mnt/store_dai/datasrc/dchan/levir-cd/train/label/train_423.png
/mnt/store_dai/datasrc/dchan/levir-cd/train/A/train_172.png,/mnt/store_dai/datasrc/dchan/levir-cd/train/B/train_172.png,/mnt/store_dai/datasrc/dchan/levir-cd/train/label/train_172.png
/mnt/store_dai/datasrc/dchan/levir-cd/train/A/train_38.png,/mnt/store_dai/datasrc/dchan/levir-cd/train/B/train_38.png,/mnt/store_dai/datasrc/dchan/levir-cd/train/label/train_38.png
/mnt/store_dai/datasrc/dchan/levir-cd/train/A/train_125.png,/mnt/store_dai/datasrc/dchan/levir-cd/train/B/train_125.png,/mnt/store_dai/datasrc/dchan/levir-cd/train/label/train_125.png
/mnt/store_dai/datasrc/dchan/levir-cd/train/A/train_408.png,/mnt/store_dai/datasrc/dchan/levir-cd/train/B/train_408.png,/mnt/store_dai/datasrc/dchan/levir-cd/train/label/train_408.png
/mnt/store_dai/datasrc/dchan/levir-cd/train/A/train_334.png,/mnt/store_dai/datasrc/dchan/levir-cd/train/B/train_334.png,/mnt/store_dai/datasrc/dchan/levir-cd/train/label/train_334.png
/mnt/store_dai/datasrc/dchan/levir-cd/train/A/train_176.png,/mnt/store_dai/datasrc/dchan/levir-cd/train/B/train_176.png,/mnt/store_dai/datasrc/dchan/levir-cd/train/label/train_176.png
/mnt/store_dai/datasrc/dchan/levir-cd/train/A/train_335.png,/mnt/store_dai/datasrc/dchan/levir-cd/train/B/train_335.png,/mnt/store_dai/datasrc/dchan/levir-cd/train/label/train_335.png
/mnt/store_dai/datasrc/dchan/levir-cd/train/A/train_332.png,/mnt/store_dai/datasrc/dchan/levir-cd/train/B/train_332.png,/mnt/store_dai/datasrc/dchan/levir-cd/train/label/train_332.png
/mnt/store_dai/datasrc/dchan/levir-cd/train/A/train_84.png,/mnt/store_dai/datasrc/dchan/levir-cd/train/B/train_84.png,/mnt/store_dai/datasrc/dchan/levir-cd/train/label/train_84.png
/mnt/store_dai/datasrc/dchan/levir-cd/train/A/train_53.png,/mnt/store_dai/datasrc/dchan/levir-cd/train/B/train_53.png,/mnt/store_dai/datasrc/dchan/levir-cd/train/label/train_53.png
/mnt/store_dai/datasrc/dchan/levir-cd/train/A/train_264.png,/mnt/store_dai/datasrc/dchan/levir-cd/train/B/train_264.png,/mnt/store_dai/datasrc/dchan/levir-cd/train/label/train_264.png
/mnt/store_dai/datasrc/dchan/levir-cd/train/A/train_411.png,/mnt/store_dai/datasrc/dchan/levir-cd/train/B/train_411.png,/mnt/store_dai/datasrc/dchan/levir-cd/train/label/train_411.png
/mnt/store_dai/datasrc/dchan/levir-cd/train/A/train_122.png,/mnt/store_dai/datasrc/dchan/levir-cd/train/B/train_122.png,/mnt/store_dai/datasrc/dchan/levir-cd/train/label/train_122.png
/mnt/store_dai/datasrc/dchan/levir-cd/train/A/train_286.png,/mnt/store_dai/datasrc/dchan/levir-cd/train/B/train_286.png,/mnt/store_dai/datasrc/dchan/levir-cd/train/label/train_286.png
/mnt/store_dai/datasrc/dchan/levir-cd/train/A/train_257.png,/mnt/store_dai/datasrc/dchan/levir-cd/train/B/train_257.png,/mnt/store_dai/datasrc/dchan/levir-cd/train/label/train_257.png
/mnt/store_dai/datasrc/dchan/levir-cd/train/A/train_1.png,/mnt/store_dai/datasrc/dchan/levir-cd/train/B/train_1.png,/mnt/store_dai/datasrc/dchan/levir-cd/train/label/train_1.png
/mnt/store_dai/datasrc/dchan/levir-cd/train/A/train_313.png,/mnt/store_dai/datasrc/dchan/levir-cd/train/B/train_313.png,/mnt/store_dai/datasrc/dchan/levir-cd/train/label/train_313.png
/mnt/store_dai/datasrc/dchan/levir-cd/train/A/train_18.png,/mnt/store_dai/datasrc/dchan/levir-cd/train/B/train_18.png,/mnt/store_dai/datasrc/dchan/levir-cd/train/label/train_18.png
/mnt/store_dai/datasrc/dchan/levir-cd/train/A/train_373.png,/mnt/store_dai/datasrc/dchan/levir-cd/train/B/train_373.png,/mnt/store_dai/datasrc/dchan/levir-cd/train/label/train_373.png
/mnt/store_dai/datasrc/dchan/levir-cd/train/A/train_178.png,/mnt/store_dai/datasrc/dchan/levir-cd/train/B/train_178.png,/mnt/store_dai/datasrc/dchan/levir-cd/train/label/train_178.png
/mnt/store_dai/datasrc/dchan/levir-cd/train/A/train_437.png,/mnt/store_dai/datasrc/dchan/levir-cd/train/B/train_437.png,/mnt/store_dai/datasrc/dchan/levir-cd/train/label/train_437.png
/mnt/store_dai/datasrc/dchan/levir-cd/train/A/train_195.png,/mnt/store_dai/datasrc/dchan/levir-cd/train/B/train_195.png,/mnt/store_dai/datasrc/dchan/levir-cd/train/label/train_195.png
/mnt/store_dai/datasrc/dchan/levir-cd/train/A/train_333.png,/mnt/store_dai/datasrc/dchan/levir-cd/train/B/train_333.png,/mnt/store_dai/datasrc/dchan/levir-cd/train/label/train_333.png
/mnt/store_dai/datasrc/dchan/levir-cd/train/A/train_11.png,/mnt/store_dai/datasrc/dchan/levir-cd/train/B/train_11.png,/mnt/store_dai/datasrc/dchan/levir-cd/train/label/train_11.png
/mnt/store_dai/datasrc/dchan/levir-cd/train/A/train_96.png,/mnt/store_dai/datasrc/dchan/levir-cd/train/B/train_96.png,/mnt/store_dai/datasrc/dchan/levir-cd/train/label/train_96.png
/mnt/store_dai/datasrc/dchan/levir-cd/train/A/train_222.png,/mnt/store_dai/datasrc/dchan/levir-cd/train/B/train_222.png,/mnt/store_dai/datasrc/dchan/levir-cd/train/label/train_222.png
/mnt/store_dai/datasrc/dchan/levir-cd/train/A/train_109.png,/mnt/store_dai/datasrc/dchan/levir-cd/train/B/train_109.png,/mnt/store_dai/datasrc/dchan/levir-cd/train/label/train_109.png
/mnt/store_dai/datasrc/dchan/levir-cd/train/A/train_402.png,/mnt/store_dai/datasrc/dchan/levir-cd/train/B/train_402.png,/mnt/store_dai/datasrc/dchan/levir-cd/train/label/train_402.png
/mnt/store_dai/datasrc/dchan/levir-cd/train/A/train_6.png,/mnt/store_dai/datasrc/dchan/levir-cd/train/B/train_6.png,/mnt/store_dai/datasrc/dchan/levir-cd/train/label/train_6.png
/mnt/store_dai/datasrc/dchan/levir-cd/train/A/train_367.png,/mnt/store_dai/datasrc/dchan/levir-cd/train/B/train_367.png,/mnt/store_dai/datasrc/dchan/levir-cd/train/label/train_367.png
/mnt/store_dai/datasrc/dchan/levir-cd/train/A/train_130.png,/mnt/store_dai/datasrc/dchan/levir-cd/train/B/train_130.png,/mnt/store_dai/datasrc/dchan/levir-cd/train/label/train_130.png
/mnt/store_dai/datasrc/dchan/levir-cd/train/A/train_392.png,/mnt/store_dai/datasrc/dchan/levir-cd/train/B/train_392.png,/mnt/store_dai/datasrc/dchan/levir-cd/train/label/train_392.png
/mnt/store_dai/datasrc/dchan/levir-cd/train/A/train_412.png,/mnt/store_dai/datasrc/dchan/levir-cd/train/B/train_412.png,/mnt/store_dai/datasrc/dchan/levir-cd/train/label/train_412.png
/mnt/store_dai/datasrc/dchan/levir-cd/train/A/train_43.png,/mnt/store_dai/datasrc/dchan/levir-cd/train/B/train_43.png,/mnt/store_dai/datasrc/dchan/levir-cd/train/label/train_43.png
/mnt/store_dai/datasrc/dchan/levir-cd/train/A/train_258.png,/mnt/store_dai/datasrc/dchan/levir-cd/train/B/train_258.png,/mnt/store_dai/datasrc/dchan/levir-cd/train/label/train_258.png
/mnt/store_dai/datasrc/dchan/levir-cd/train/A/train_358.png,/mnt/store_dai/datasrc/dchan/levir-cd/train/B/train_358.png,/mnt/store_dai/datasrc/dchan/levir-cd/train/label/train_358.png
